[
  {
    "artistName": "Wally Gagel",
    "segment": "Previously Active Listeners"
  },
  {
    "artistName": "Blanco Brown",
    "segment": "Previously Active Listeners"
  },
  {
    "artistName": "Daya",
    "segment": "Previously Active Listeners"
  },
  {
    "artistName": "Bakar",
    "segment": "Previously Active Listeners"
  },
  {
    "artistName": "Waka Flocka Flame",
    "segment": "Previously Active Listeners"
  },
  {
    "artistName": "Beach Weather",
    "segment": "Previously Active Listeners"
  },
  {
    "artistName": "Motograter",
    "segment": "Light listeners"
  },
  {
    "artistName": "Vika Jigulina",
    "segment": "Previously Active Listeners"
  },
  {
    "artistName": "American Authors",
    "segment": "Previously Active Listeners"
  },
  {
    "artistName": "Olivia Rodrigo",
    "segment": "Light listeners"
  },
  {
    "artistName": "Dido",
    "segment": "Previously Active Listeners"
  },
  {
    "artistName": "Will Sparks",
    "segment": "Previously Active Listeners"
  },
  {
    "artistName": "Paramore",
    "segment": "Light listeners"
  },
  {
    "artistName": "Guru Josh Project",
    "segment": "Previously Active Listeners"
  },
  {
    "artistName": "SAINt JHN",
    "segment": "Previously Active Listeners"
  },
  {
    "artistName": "Beyond All Recognition",
    "segment": "Previously Active Listeners"
  },
  {
    "artistName": "Internet Money",
    "segment": "Previously Active Listeners"
  },
  {
    "artistName": "Hoodie Allen",
    "segment": "Previously Active Listeners"
  },
  {
    "artistName": "DVRST",
    "segment": "Light listeners"
  },
  {
    "artistName": "Rae Sremmurd",
    "segment": "Light listeners"
  },
  {
    "artistName": "Benson Boone",
    "segment": "Previously Active Listeners"
  },
  {
    "artistName": "Adriana Proenza",
    "segment": "Previously Active Listeners"
  },
  {
    "artistName": "A Boogie Wit da Hoodie",
    "segment": "Previously Active Listeners"
  },
  {
    "artistName": "Ismo Alanko",
    "segment": "Previously Active Listeners"
  },
  {
    "artistName": "Fred again..",
    "segment": "Previously Active Listeners"
  },
  {
    "artistName": "Chiddy Bang",
    "segment": "Previously Active Listeners"
  },
  {
    "artistName": "Miley Cyrus",
    "segment": "Previously Active Listeners"
  },
  {
    "artistName": "Lena",
    "segment": "Previously Active Listeners"
  },
  {
    "artistName": "Violet Days",
    "segment": "Previously Active Listeners"
  },
  {
    "artistName": "Nightcrawlers",
    "segment": "Previously Active Listeners"
  },
  {
    "artistName": "Clean Bandit",
    "segment": "Previously Active Listeners"
  },
  {
    "artistName": "Disclosure",
    "segment": "Previously Active Listeners"
  },
  {
    "artistName": "Swedish House Mafia",
    "segment": "Previously Active Listeners"
  },
  {
    "artistName": "Sash!",
    "segment": "Previously Active Listeners"
  },
  {
    "artistName": "Ryan Lewis",
    "segment": "Light listeners"
  },
  {
    "artistName": "Aloe Blacc",
    "segment": "Light listeners"
  },
  {
    "artistName": "Kuningas Pähkinä & Setä Tamu",
    "segment": "Previously Active Listeners"
  },
  {
    "artistName": "Faul & Wad",
    "segment": "Previously Active Listeners"
  },
  {
    "artistName": "Jumal X10 Lavis",
    "segment": "Previously Active Listeners"
  },
  {
    "artistName": "Smash Mouth",
    "segment": "Previously Active Listeners"
  },
  {
    "artistName": "Ca$partuu",
    "segment": "Previously Active Listeners"
  },
  {
    "artistName": "Edward Maya",
    "segment": "Previously Active Listeners"
  },
  {
    "artistName": "Starley",
    "segment": "Previously Active Listeners"
  },
  {
    "artistName": "Kalle Lindroth",
    "segment": "Previously Active Listeners"
  },
  {
    "artistName": "Dire Straits",
    "segment": "Light listeners"
  },
  {
    "artistName": "Ski Mask The Slump God",
    "segment": "Previously Active Listeners"
  },
  {
    "artistName": "My Chemical Romance",
    "segment": "Previously Active Listeners"
  },
  {
    "artistName": "JID",
    "segment": "Previously Active Listeners"
  },
  {
    "artistName": "B.o.B",
    "segment": "Previously Active Listeners"
  },
  {
    "artistName": "Grey",
    "segment": "Light listeners"
  },
  {
    "artistName": "Bonkaz",
    "segment": "Previously Active Listeners"
  },
  {
    "artistName": "Big Sean",
    "segment": "Previously Active Listeners"
  },
  {
    "artistName": "Logical Terror",
    "segment": "Light listeners"
  },
  {
    "artistName": "Fifth Harmony",
    "segment": "Previously Active Listeners"
  },
  {
    "artistName": "Chris Brown",
    "segment": "Light listeners"
  },
  {
    "artistName": "Eric Prydz",
    "segment": "Previously Active Listeners"
  },
  {
    "artistName": "Taisto Tapulist",
    "segment": "Previously Active Listeners"
  },
  {
    "artistName": "Nic D",
    "segment": "Previously Active Listeners"
  },
  {
    "artistName": "Tyga",
    "segment": "Light listeners"
  },
  {
    "artistName": "9lokknine",
    "segment": "Previously Active Listeners"
  },
  {
    "artistName": "Kid Cudi",
    "segment": "Light listeners"
  },
  {
    "artistName": "Spektrem",
    "segment": "Light listeners"
  },
  {
    "artistName": "lusttqwe",
    "segment": "Previously Active Listeners"
  },
  {
    "artistName": "Miljoonasade",
    "segment": "Previously Active Listeners"
  },
  {
    "artistName": "Bobby Caldwell",
    "segment": "Light listeners"
  },
  {
    "artistName": "Roope Salminen & Koirat",
    "segment": "Previously Active Listeners"
  },
  {
    "artistName": "Rauli Badding Somerjoki",
    "segment": "Moderate listeners"
  },
  {
    "artistName": "Baby Bash",
    "segment": "Previously Active Listeners"
  },
  {
    "artistName": "Outkast",
    "segment": "Previously Active Listeners"
  },
  {
    "artistName": "Cordae",
    "segment": "Previously Active Listeners"
  },
  {
    "artistName": "AWOLNATION",
    "segment": "Previously Active Listeners"
  },
  {
    "artistName": "LongMan_V",
    "segment": "Previously Active Listeners"
  },
  {
    "artistName": "DJ Sammy",
    "segment": "Previously Active Listeners"
  },
  {
    "artistName": "Hotel Ugly",
    "segment": "Previously Active Listeners"
  },
  {
    "artistName": "DaBaby",
    "segment": "Light listeners"
  },
  {
    "artistName": "Joyner Lucas",
    "segment": "Moderate listeners"
  },
  {
    "artistName": "Francis Nauguna",
    "segment": "Previously Active Listeners"
  },
  {
    "artistName": "Donkeyboy",
    "segment": "Previously Active Listeners"
  },
  {
    "artistName": "Diamond Platnumz",
    "segment": "Previously Active Listeners"
  },
  {
    "artistName": "Calvin Harris",
    "segment": "Previously Active Listeners"
  },
  {
    "artistName": "Rag'n'Bone Man",
    "segment": "Previously Active Listeners"
  },
  {
    "artistName": "Sam Feldt",
    "segment": "Previously Active Listeners"
  },
  {
    "artistName": "Paul Rey",
    "segment": "Previously Active Listeners"
  },
  {
    "artistName": "Jozzy",
    "segment": "Previously Active Listeners"
  },
  {
    "artistName": "T. Powell",
    "segment": "Previously Active Listeners"
  },
  {
    "artistName": "4FRNT",
    "segment": "Previously Active Listeners"
  },
  {
    "artistName": "Rev Theory",
    "segment": "Previously Active Listeners"
  },
  {
    "artistName": "Timbaland",
    "segment": "Previously Active Listeners"
  },
  {
    "artistName": "Astrid S",
    "segment": "Light listeners"
  },
  {
    "artistName": "Bktherula",
    "segment": "Light listeners"
  },
  {
    "artistName": "Warren G",
    "segment": "Previously Active Listeners"
  },
  {
    "artistName": "william",
    "segment": "Previously Active Listeners"
  },
  {
    "artistName": "Riton",
    "segment": "Previously Active Listeners"
  },
  {
    "artistName": "Example",
    "segment": "Previously Active Listeners"
  },
  {
    "artistName": "Cheek",
    "segment": "Previously Active Listeners"
  },
  {
    "artistName": "Juice Leskinen",
    "segment": "Super Listeners"
  },
  {
    "artistName": "Crash Test Dummies",
    "segment": "Previously Active Listeners"
  },
  {
    "artistName": "Jae Millz",
    "segment": "Previously Active Listeners"
  },
  {
    "artistName": "Tai Verdes",
    "segment": "Previously Active Listeners"
  },
  {
    "artistName": "Alonzo",
    "segment": "Previously Active Listeners"
  },
  {
    "artistName": "The Fall of Troy",
    "segment": "Light listeners"
  },
  {
    "artistName": "Dimitri Vegas",
    "segment": "Previously Active Listeners"
  },
  {
    "artistName": "Tasmin Archer",
    "segment": "Previously Active Listeners"
  },
  {
    "artistName": "LMFAO",
    "segment": "Previously Active Listeners"
  },
  {
    "artistName": "Elianex",
    "segment": "Previously Active Listeners"
  },
  {
    "artistName": "Gettomasa",
    "segment": "Previously Active Listeners"
  },
  {
    "artistName": "Sasha Lopez",
    "segment": "Previously Active Listeners"
  },
  {
    "artistName": "Parkway Drive",
    "segment": "Previously Active Listeners"
  },
  {
    "artistName": "Serj Tankian",
    "segment": "Light listeners"
  },
  {
    "artistName": "Eva Shaw",
    "segment": "Previously Active Listeners"
  },
  {
    "artistName": "Mobb Deep",
    "segment": "Previously Active Listeners"
  },
  {
    "artistName": "Lorde",
    "segment": "Light listeners"
  },
  {
    "artistName": "Childish Gambino",
    "segment": "Previously Active Listeners"
  },
  {
    "artistName": "Maggie Lindemann",
    "segment": "Previously Active Listeners"
  },
  {
    "artistName": "Sean Paul",
    "segment": "Light listeners"
  },
  {
    "artistName": "The Weeknd",
    "segment": "Previously Active Listeners"
  },
  {
    "artistName": "Ultra Bra",
    "segment": "Light listeners"
  },
  {
    "artistName": "In This Moment",
    "segment": "Moderate listeners"
  },
  {
    "artistName": "Zerb",
    "segment": "Moderate listeners"
  },
  {
    "artistName": "P!nk",
    "segment": "Light listeners"
  },
  {
    "artistName": "Kendrick Lamar",
    "segment": "Moderate listeners"
  },
  {
    "artistName": "Rascal Flatts",
    "segment": "Light listeners"
  },
  {
    "artistName": "Michel Teló",
    "segment": "Previously Active Listeners"
  },
  {
    "artistName": "Lavern",
    "segment": "Light listeners"
  },
  {
    "artistName": "Hippie Sabotage",
    "segment": "Light listeners"
  },
  {
    "artistName": "Wale",
    "segment": "Previously Active Listeners"
  },
  {
    "artistName": "Shinedown",
    "segment": "Moderate listeners"
  },
  {
    "artistName": "Slim Jxmmi",
    "segment": "Light listeners"
  },
  {
    "artistName": "Man Ov God",
    "segment": "Light listeners"
  },
  {
    "artistName": "Dr. Dre",
    "segment": "Light listeners"
  },
  {
    "artistName": "Rise Against",
    "segment": "Previously Active Listeners"
  },
  {
    "artistName": "Lady Gaga",
    "segment": "Previously Active Listeners"
  },
  {
    "artistName": "Imagine Dragons",
    "segment": "Previously Active Listeners"
  },
  {
    "artistName": "Macklemore & Ryan Lewis",
    "segment": "Previously Active Listeners"
  },
  {
    "artistName": "Pasi ja Anssi",
    "segment": "Previously Active Listeners"
  },
  {
    "artistName": "Olli Halonen",
    "segment": "Previously Active Listeners"
  },
  {
    "artistName": "ibe",
    "segment": "Previously Active Listeners"
  },
  {
    "artistName": "Vance Joy",
    "segment": "Previously Active Listeners"
  },
  {
    "artistName": "Nipsey Hussle",
    "segment": "Previously Active Listeners"
  },
  {
    "artistName": "Samuli Edelmann",
    "segment": "Light listeners"
  },
  {
    "artistName": "U2",
    "segment": "Previously Active Listeners"
  },
  {
    "artistName": "Juicy J",
    "segment": "Previously Active Listeners"
  },
  {
    "artistName": "Bloodhound Gang",
    "segment": "Previously Active Listeners"
  },
  {
    "artistName": "Lin-Manuel Miranda",
    "segment": "Previously Active Listeners"
  },
  {
    "artistName": "Pelle Miljoona Oy",
    "segment": "Previously Active Listeners"
  },
  {
    "artistName": "Profeetat",
    "segment": "Previously Active Listeners"
  },
  {
    "artistName": "Steven Mudd",
    "segment": "Previously Active Listeners"
  },
  {
    "artistName": "HAPPY LANDING",
    "segment": "Previously Active Listeners"
  },
  {
    "artistName": "Prozak",
    "segment": "Previously Active Listeners"
  },
  {
    "artistName": "Vesa-Matti Loiri",
    "segment": "Light listeners"
  },
  {
    "artistName": "Gym Class Heroes",
    "segment": "Previously Active Listeners"
  },
  {
    "artistName": "Pitbull",
    "segment": "Previously Active Listeners"
  },
  {
    "artistName": "Trophy",
    "segment": "Previously Active Listeners"
  },
  {
    "artistName": "Kevin Rudolf",
    "segment": "Light listeners"
  },
  {
    "artistName": "Righteous Vendetta",
    "segment": "Light listeners"
  },
  {
    "artistName": "Meredith Brooks",
    "segment": "Previously Active Listeners"
  },
  {
    "artistName": "Teflon Brothers",
    "segment": "Previously Active Listeners"
  },
  {
    "artistName": "YNW Melly",
    "segment": "Previously Active Listeners"
  },
  {
    "artistName": "Fat Joe",
    "segment": "Previously Active Listeners"
  },
  {
    "artistName": "Charli xcx",
    "segment": "Previously Active Listeners"
  },
  {
    "artistName": "Army Of The Pharaohs",
    "segment": "Previously Active Listeners"
  },
  {
    "artistName": "Frank Ocean",
    "segment": "Previously Active Listeners"
  },
  {
    "artistName": "Rxseboy",
    "segment": "Previously Active Listeners"
  },
  {
    "artistName": "Tungevaag",
    "segment": "Previously Active Listeners"
  },
  {
    "artistName": "A$AP Rocky",
    "segment": "Light listeners"
  },
  {
    "artistName": "Cobra Starship",
    "segment": "Previously Active Listeners"
  },
  {
    "artistName": "Zandimaz",
    "segment": "Previously Active Listeners"
  },
  {
    "artistName": "Kaaris",
    "segment": "Light listeners"
  },
  {
    "artistName": "Lil Jon & The East Side Boyz",
    "segment": "Previously Active Listeners"
  },
  {
    "artistName": "Billy Talent",
    "segment": "Light listeners"
  },
  {
    "artistName": "Kaija Koo",
    "segment": "Previously Active Listeners"
  },
  {
    "artistName": "Hermes House Band",
    "segment": "Previously Active Listeners"
  },
  {
    "artistName": "Jonas Blue",
    "segment": "Previously Active Listeners"
  },
  {
    "artistName": "Juice WRLD",
    "segment": "Light listeners"
  },
  {
    "artistName": "Phil Collins",
    "segment": "Light listeners"
  },
  {
    "artistName": "Various Artists",
    "segment": "Previously Active Listeners"
  },
  {
    "artistName": "Kehlani",
    "segment": "Previously Active Listeners"
  },
  {
    "artistName": "Shakira",
    "segment": "Previously Active Listeners"
  },
  {
    "artistName": "Ne-Yo",
    "segment": "Previously Active Listeners"
  },
  {
    "artistName": "The Script",
    "segment": "Light listeners"
  },
  {
    "artistName": "Bryan Adams",
    "segment": "Previously Active Listeners"
  },
  {
    "artistName": "Skepta",
    "segment": "Previously Active Listeners"
  },
  {
    "artistName": "Winona Oak",
    "segment": "Previously Active Listeners"
  },
  {
    "artistName": "Fall Out Boy",
    "segment": "Light listeners"
  },
  {
    "artistName": "Kirka",
    "segment": "Moderate listeners"
  },
  {
    "artistName": "Twenty One Pilots",
    "segment": "Previously Active Listeners"
  },
  {
    "artistName": "Selena Gomez",
    "segment": "Previously Active Listeners"
  },
  {
    "artistName": "Fit For A King",
    "segment": "Previously Active Listeners"
  },
  {
    "artistName": "Houseshaker",
    "segment": "Previously Active Listeners"
  },
  {
    "artistName": "Lou Bega",
    "segment": "Previously Active Listeners"
  },
  {
    "artistName": "Dopamine",
    "segment": "Previously Active Listeners"
  },
  {
    "artistName": "James Blunt",
    "segment": "Previously Active Listeners"
  },
  {
    "artistName": "Troye Sivan",
    "segment": "Previously Active Listeners"
  },
  {
    "artistName": "Soulja Boy",
    "segment": "Light listeners"
  },
  {
    "artistName": "PRETTYMUCH",
    "segment": "Previously Active Listeners"
  },
  {
    "artistName": "Mad Mark",
    "segment": "Previously Active Listeners"
  },
  {
    "artistName": "Public Enemy",
    "segment": "Previously Active Listeners"
  },
  {
    "artistName": "Tones And I",
    "segment": "Previously Active Listeners"
  },
  {
    "artistName": "J Balvin",
    "segment": "Previously Active Listeners"
  },
  {
    "artistName": "Cameron Whitcomb",
    "segment": "Previously Active Listeners"
  },
  {
    "artistName": "Blu Cantrell",
    "segment": "Previously Active Listeners"
  },
  {
    "artistName": "Nirvana",
    "segment": "Previously Active Listeners"
  },
  {
    "artistName": "Ozzy Osbourne",
    "segment": "Previously Active Listeners"
  },
  {
    "artistName": "Laylia",
    "segment": "Previously Active Listeners"
  },
  {
    "artistName": "Broiler",
    "segment": "Previously Active Listeners"
  },
  {
    "artistName": "Polo G",
    "segment": "Previously Active Listeners"
  },
  {
    "artistName": "Mazzy Star",
    "segment": "Previously Active Listeners"
  },
  {
    "artistName": "The Mamas & The Papas",
    "segment": "Previously Active Listeners"
  },
  {
    "artistName": "ZANA",
    "segment": "Previously Active Listeners"
  },
  {
    "artistName": "Alvaro Soler",
    "segment": "Previously Active Listeners"
  },
  {
    "artistName": "Fetty Wap",
    "segment": "Previously Active Listeners"
  },
  {
    "artistName": "Rich Brian",
    "segment": "Previously Active Listeners"
  },
  {
    "artistName": "Bonnie Tyler",
    "segment": "Previously Active Listeners"
  },
  {
    "artistName": "stuck in 98",
    "segment": "Previously Active Listeners"
  },
  {
    "artistName": "Fools Garden",
    "segment": "Light listeners"
  },
  {
    "artistName": "Serge Ibaka",
    "segment": "Previously Active Listeners"
  },
  {
    "artistName": "Complete",
    "segment": "Previously Active Listeners"
  },
  {
    "artistName": "J€AN-MARC",
    "segment": "Previously Active Listeners"
  },
  {
    "artistName": "Redrama",
    "segment": "Previously Active Listeners"
  },
  {
    "artistName": "MIKA",
    "segment": "Previously Active Listeners"
  },
  {
    "artistName": "Matti",
    "segment": "Light listeners"
  },
  {
    "artistName": "HAARPER",
    "segment": "Previously Active Listeners"
  },
  {
    "artistName": "Raappana",
    "segment": "Previously Active Listeners"
  },
  {
    "artistName": "Capital Cities",
    "segment": "Previously Active Listeners"
  },
  {
    "artistName": "Cookin' On 3 Burners",
    "segment": "Previously Active Listeners"
  },
  {
    "artistName": "Matt Corman",
    "segment": "Previously Active Listeners"
  },
  {
    "artistName": "Mouhous",
    "segment": "Previously Active Listeners"
  },
  {
    "artistName": "Tee Grizzley",
    "segment": "Previously Active Listeners"
  },
  {
    "artistName": "50 Cent",
    "segment": "Moderate listeners"
  },
  {
    "artistName": "MC Hammer",
    "segment": "Previously Active Listeners"
  },
  {
    "artistName": "Arttu Wiskari",
    "segment": "Light listeners"
  },
  {
    "artistName": "Gorillaz",
    "segment": "Previously Active Listeners"
  },
  {
    "artistName": "NF",
    "segment": "Moderate listeners"
  },
  {
    "artistName": "Lil Nas X",
    "segment": "Previously Active Listeners"
  },
  {
    "artistName": "dazy",
    "segment": "Previously Active Listeners"
  },
  {
    "artistName": "Natalie La Rose",
    "segment": "Previously Active Listeners"
  },
  {
    "artistName": "Led Zeppelin",
    "segment": "Previously Active Listeners"
  },
  {
    "artistName": "Eddy Baker",
    "segment": "Light listeners"
  },
  {
    "artistName": "Juju",
    "segment": "Previously Active Listeners"
  },
  {
    "artistName": "Leidit",
    "segment": "Previously Active Listeners"
  },
  {
    "artistName": "callmestevieray",
    "segment": "Light listeners"
  },
  {
    "artistName": "Connor Price",
    "segment": "Previously Active Listeners"
  },
  {
    "artistName": "Bon Jovi",
    "segment": "Previously Active Listeners"
  },
  {
    "artistName": "Mc Lagrot",
    "segment": "Previously Active Listeners"
  },
  {
    "artistName": "J. Karjalainen & Mustat Lasit",
    "segment": "Moderate listeners"
  },
  {
    "artistName": "Katri Helena",
    "segment": "Light listeners"
  },
  {
    "artistName": "Justin Timberlake",
    "segment": "Previously Active Listeners"
  },
  {
    "artistName": "Bob Dylan",
    "segment": "Light listeners"
  },
  {
    "artistName": "Pariisin Kevät",
    "segment": "Light listeners"
  },
  {
    "artistName": "French Fuse",
    "segment": "Previously Active Listeners"
  },
  {
    "artistName": "Cézanne",
    "segment": "Previously Active Listeners"
  },
  {
    "artistName": "Evelina",
    "segment": "Light listeners"
  },
  {
    "artistName": "Rockie Gold",
    "segment": "Previously Active Listeners"
  },
  {
    "artistName": "Tech N9ne",
    "segment": "Moderate listeners"
  },
  {
    "artistName": "Dingo",
    "segment": "Moderate listeners"
  },
  {
    "artistName": "Machine Head",
    "segment": "Light listeners"
  },
  {
    "artistName": "Billy Ray Cyrus",
    "segment": "Previously Active Listeners"
  },
  {
    "artistName": "Danny Ocean",
    "segment": "Previously Active Listeners"
  },
  {
    "artistName": "Mäkki",
    "segment": "Previously Active Listeners"
  },
  {
    "artistName": "Charlie Puth",
    "segment": "Previously Active Listeners"
  },
  {
    "artistName": "Joey Cool",
    "segment": "Previously Active Listeners"
  },
  {
    "artistName": "Roxette",
    "segment": "Previously Active Listeners"
  },
  {
    "artistName": "Melanie C",
    "segment": "Previously Active Listeners"
  },
  {
    "artistName": "Rick Ross",
    "segment": "Light listeners"
  },
  {
    "artistName": "Bazanji",
    "segment": "Moderate listeners"
  },
  {
    "artistName": "Gucci Mane",
    "segment": "Previously Active Listeners"
  },
  {
    "artistName": "Kari Tapio",
    "segment": "Light listeners"
  },
  {
    "artistName": "Vagus Nerve",
    "segment": "Light listeners"
  },
  {
    "artistName": "Anderson .Paak",
    "segment": "Previously Active Listeners"
  },
  {
    "artistName": "Stromae",
    "segment": "Previously Active Listeners"
  },
  {
    "artistName": "OneRepublic",
    "segment": "Previously Active Listeners"
  },
  {
    "artistName": "No Doubt",
    "segment": "Moderate listeners"
  },
  {
    "artistName": "Madlib",
    "segment": "Previously Active Listeners"
  },
  {
    "artistName": "Johnning",
    "segment": "Previously Active Listeners"
  },
  {
    "artistName": "Paleface",
    "segment": "Previously Active Listeners"
  },
  {
    "artistName": "Jess Glynne",
    "segment": "Previously Active Listeners"
  },
  {
    "artistName": "R.I.O.",
    "segment": "Previously Active Listeners"
  },
  {
    "artistName": "Jason Mraz",
    "segment": "Previously Active Listeners"
  },
  {
    "artistName": "VASSY",
    "segment": "Previously Active Listeners"
  },
  {
    "artistName": "Durand the Rapper",
    "segment": "Previously Active Listeners"
  },
  {
    "artistName": "Läski Salonen",
    "segment": "Light listeners"
  },
  {
    "artistName": "Nicky Youre",
    "segment": "Previously Active Listeners"
  },
  {
    "artistName": "Lil 2z",
    "segment": "Moderate listeners"
  },
  {
    "artistName": "Fat Nick",
    "segment": "Previously Active Listeners"
  },
  {
    "artistName": "Klaas",
    "segment": "Previously Active Listeners"
  },
  {
    "artistName": "Mike Perry",
    "segment": "Previously Active Listeners"
  },
  {
    "artistName": "Amorphis",
    "segment": "Previously Active Listeners"
  },
  {
    "artistName": "Nevada",
    "segment": "Previously Active Listeners"
  },
  {
    "artistName": "Olly Alexander (Years & Years)",
    "segment": "Previously Active Listeners"
  },
  {
    "artistName": "Pekka Ruuska",
    "segment": "Light listeners"
  },
  {
    "artistName": "Papoose",
    "segment": "Previously Active Listeners"
  },
  {
    "artistName": "Pop Evil",
    "segment": "Previously Active Listeners"
  },
  {
    "artistName": "T-Pain",
    "segment": "Previously Active Listeners"
  },
  {
    "artistName": "New Medicine",
    "segment": "Light listeners"
  },
  {
    "artistName": "Foster The People",
    "segment": "Previously Active Listeners"
  },
  {
    "artistName": "AURORA",
    "segment": "Light listeners"
  },
  {
    "artistName": "Dosdela",
    "segment": "Previously Active Listeners"
  },
  {
    "artistName": "Anastacia",
    "segment": "Previously Active Listeners"
  },
  {
    "artistName": "Ameritz Audio Karaoke",
    "segment": "Previously Active Listeners"
  },
  {
    "artistName": "Mamba",
    "segment": "Moderate listeners"
  },
  {
    "artistName": "DJ Snake",
    "segment": "Previously Active Listeners"
  },
  {
    "artistName": "Free Nationals",
    "segment": "Previously Active Listeners"
  },
  {
    "artistName": "ArrDee",
    "segment": "Moderate listeners"
  },
  {
    "artistName": "Kimbra",
    "segment": "Previously Active Listeners"
  },
  {
    "artistName": "NLE Choppa",
    "segment": "Light listeners"
  },
  {
    "artistName": "Fetty Wap",
    "segment": "Previously Active Listeners"
  },
  {
    "artistName": "System Of A Down",
    "segment": "Light listeners"
  },
  {
    "artistName": "Bullet For My Valentine",
    "segment": "Light listeners"
  },
  {
    "artistName": "Digital Farm Animals",
    "segment": "Previously Active Listeners"
  },
  {
    "artistName": "The Bangles",
    "segment": "Previously Active Listeners"
  },
  {
    "artistName": "Gala",
    "segment": "Previously Active Listeners"
  },
  {
    "artistName": "Roy Jones Jr.",
    "segment": "Light listeners"
  },
  {
    "artistName": "Gabriel Lion",
    "segment": "Previously Active Listeners"
  },
  {
    "artistName": "Cigarettes After Sex",
    "segment": "Previously Active Listeners"
  },
  {
    "artistName": "Robin Schulz",
    "segment": "Previously Active Listeners"
  },
  {
    "artistName": "Lupe Fiasco",
    "segment": "Light listeners"
  },
  {
    "artistName": "Laura Pausini",
    "segment": "Previously Active Listeners"
  },
  {
    "artistName": "Mighty Oaks",
    "segment": "Previously Active Listeners"
  },
  {
    "artistName": "24kGoldn",
    "segment": "Previously Active Listeners"
  },
  {
    "artistName": "Pop Smoke",
    "segment": "Light listeners"
  },
  {
    "artistName": "Sting",
    "segment": "Light listeners"
  },
  {
    "artistName": "Ice Cube",
    "segment": "Light listeners"
  },
  {
    "artistName": "O-Zone",
    "segment": "Previously Active Listeners"
  },
  {
    "artistName": "Nonpoint",
    "segment": "Previously Active Listeners"
  },
  {
    "artistName": "Korn",
    "segment": "Previously Active Listeners"
  },
  {
    "artistName": "Rähinä",
    "segment": "Previously Active Listeners"
  },
  {
    "artistName": "Chawki",
    "segment": "Previously Active Listeners"
  },
  {
    "artistName": "Nelja Baritonia",
    "segment": "Previously Active Listeners"
  },
  {
    "artistName": "Paulina Rubio",
    "segment": "Light listeners"
  },
  {
    "artistName": "Lea Laven",
    "segment": "Previously Active Listeners"
  },
  {
    "artistName": "Pelle Miljoona",
    "segment": "Light listeners"
  },
  {
    "artistName": "Ricky Martin",
    "segment": "Previously Active Listeners"
  },
  {
    "artistName": "Lizzo",
    "segment": "Previously Active Listeners"
  },
  {
    "artistName": "1nonly",
    "segment": "Previously Active Listeners"
  },
  {
    "artistName": "William Singe",
    "segment": "Previously Active Listeners"
  },
  {
    "artistName": "MKDMSK",
    "segment": "Light listeners"
  },
  {
    "artistName": "Chase Benji",
    "segment": "Light listeners"
  },
  {
    "artistName": "Yung Bae",
    "segment": "Previously Active Listeners"
  },
  {
    "artistName": "Major Lazer",
    "segment": "Light listeners"
  },
  {
    "artistName": "Trapt",
    "segment": "Light listeners"
  },
  {
    "artistName": "Obie Trice",
    "segment": "Previously Active Listeners"
  },
  {
    "artistName": "Jussi Valuutta",
    "segment": "Previously Active Listeners"
  },
  {
    "artistName": "Surfaces",
    "segment": "Previously Active Listeners"
  },
  {
    "artistName": "Johnny Cash",
    "segment": "Previously Active Listeners"
  },
  {
    "artistName": "Hurts",
    "segment": "Previously Active Listeners"
  },
  {
    "artistName": "Gippeul",
    "segment": "Previously Active Listeners"
  },
  {
    "artistName": "Migos",
    "segment": "Previously Active Listeners"
  },
  {
    "artistName": "Showtek",
    "segment": "Previously Active Listeners"
  },
  {
    "artistName": "CADE",
    "segment": "Previously Active Listeners"
  },
  {
    "artistName": "Juicy J, Wiz Khalifa & Ty Dolla $ign",
    "segment": "Previously Active Listeners"
  },
  {
    "artistName": "Hoobastank",
    "segment": "Previously Active Listeners"
  },
  {
    "artistName": "Desiigner",
    "segment": "Light listeners"
  },
  {
    "artistName": "Ruger Hauer",
    "segment": "Previously Active Listeners"
  },
  {
    "artistName": "Coolio",
    "segment": "Light listeners"
  },
  {
    "artistName": "Florence Welch",
    "segment": "Previously Active Listeners"
  },
  {
    "artistName": "T.I.",
    "segment": "Moderate listeners"
  },
  {
    "artistName": "The Chainsmokers",
    "segment": "Moderate listeners"
  },
  {
    "artistName": "Roddy Ricch",
    "segment": "Previously Active Listeners"
  },
  {
    "artistName": "Axel Kala",
    "segment": "Light listeners"
  },
  {
    "artistName": "Tim Bergling",
    "segment": "Previously Active Listeners"
  },
  {
    "artistName": "Katy Perry",
    "segment": "Previously Active Listeners"
  },
  {
    "artistName": "Dwayne Johnson",
    "segment": "Previously Active Listeners"
  },
  {
    "artistName": "Taylor Swift",
    "segment": "Previously Active Listeners"
  },
  {
    "artistName": "Swagilicious",
    "segment": "Previously Active Listeners"
  },
  {
    "artistName": "Cheat Codes",
    "segment": "Previously Active Listeners"
  },
  {
    "artistName": "Through Fire",
    "segment": "Light listeners"
  },
  {
    "artistName": "Logic",
    "segment": "Previously Active Listeners"
  },
  {
    "artistName": "Michael Jackson",
    "segment": "Previously Active Listeners"
  },
  {
    "artistName": "Rosa Linn",
    "segment": "Moderate listeners"
  },
  {
    "artistName": "SICK PUPPIES",
    "segment": "Previously Active Listeners"
  },
  {
    "artistName": "LIONAIRE",
    "segment": "Moderate listeners"
  },
  {
    "artistName": "Kent Jones",
    "segment": "Previously Active Listeners"
  },
  {
    "artistName": "Wheeler Walker Jr.",
    "segment": "Previously Active Listeners"
  },
  {
    "artistName": "Nelly",
    "segment": "Previously Active Listeners"
  },
  {
    "artistName": "Hinder",
    "segment": "Previously Active Listeners"
  },
  {
    "artistName": "Anders Nilsen",
    "segment": "Previously Active Listeners"
  },
  {
    "artistName": "fun.",
    "segment": "Previously Active Listeners"
  },
  {
    "artistName": "Ella Henderson",
    "segment": "Previously Active Listeners"
  },
  {
    "artistName": "Kiiara",
    "segment": "Previously Active Listeners"
  },
  {
    "artistName": "Ariana Grande",
    "segment": "Previously Active Listeners"
  },
  {
    "artistName": "Fabolous",
    "segment": "Moderate listeners"
  },
  {
    "artistName": "Trevor Daniel",
    "segment": "Previously Active Listeners"
  },
  {
    "artistName": "MNEK",
    "segment": "Previously Active Listeners"
  },
  {
    "artistName": "Evanescence",
    "segment": "Light listeners"
  },
  {
    "artistName": "ItaloBrothers",
    "segment": "Previously Active Listeners"
  },
  {
    "artistName": "CMX",
    "segment": "Light listeners"
  },
  {
    "artistName": "Yo Gotti",
    "segment": "Previously Active Listeners"
  },
  {
    "artistName": "Eppu Normaali",
    "segment": "Super Listeners"
  },
  {
    "artistName": "Far East Movement",
    "segment": "Previously Active Listeners"
  },
  {
    "artistName": "AK",
    "segment": "Previously Active Listeners"
  },
  {
    "artistName": "Stone Sour",
    "segment": "Previously Active Listeners"
  },
  {
    "artistName": "Spekti",
    "segment": "Previously Active Listeners"
  },
  {
    "artistName": "Sha Mula",
    "segment": "Light listeners"
  },
  {
    "artistName": "Maren Morris",
    "segment": "Light listeners"
  },
  {
    "artistName": "257ers",
    "segment": "Previously Active Listeners"
  },
  {
    "artistName": "Josh Groban",
    "segment": "Previously Active Listeners"
  },
  {
    "artistName": "Bad Bunny",
    "segment": "Previously Active Listeners"
  },
  {
    "artistName": "Bablo",
    "segment": "Previously Active Listeners"
  },
  {
    "artistName": "Jim Legxacy",
    "segment": "Previously Active Listeners"
  },
  {
    "artistName": "Natasha Bedingfield",
    "segment": "Previously Active Listeners"
  },
  {
    "artistName": "Jelly Roll",
    "segment": "Previously Active Listeners"
  },
  {
    "artistName": "Arman Cekin",
    "segment": "Previously Active Listeners"
  },
  {
    "artistName": "Beartooth",
    "segment": "Previously Active Listeners"
  },
  {
    "artistName": "XXXTENTACION",
    "segment": "Previously Active Listeners"
  },
  {
    "artistName": "Shouse",
    "segment": "Previously Active Listeners"
  },
  {
    "artistName": "Gimmel",
    "segment": "Previously Active Listeners"
  },
  {
    "artistName": "Sean Kingston",
    "segment": "Previously Active Listeners"
  },
  {
    "artistName": "Colt Ford",
    "segment": "Previously Active Listeners"
  },
  {
    "artistName": "Hozier",
    "segment": "Previously Active Listeners"
  },
  {
    "artistName": "Jack Wins",
    "segment": "Previously Active Listeners"
  },
  {
    "artistName": "Coldplay",
    "segment": "Light listeners"
  },
  {
    "artistName": "Habstrakt",
    "segment": "Light listeners"
  },
  {
    "artistName": "Just Matthew™",
    "segment": "Previously Active Listeners"
  },
  {
    "artistName": "Ed Sheeran",
    "segment": "Previously Active Listeners"
  },
  {
    "artistName": "Quinten Circle",
    "segment": "Previously Active Listeners"
  },
  {
    "artistName": "Jack Harlow",
    "segment": "Light listeners"
  },
  {
    "artistName": "DJ Yella",
    "segment": "Previously Active Listeners"
  },
  {
    "artistName": "Dj Lagrot",
    "segment": "Previously Active Listeners"
  },
  {
    "artistName": "Mad Mark 2k13",
    "segment": "Previously Active Listeners"
  },
  {
    "artistName": "P.O.D.",
    "segment": "Light listeners"
  },
  {
    "artistName": "Tyrone Briggs",
    "segment": "Light listeners"
  },
  {
    "artistName": "Post Malone",
    "segment": "Moderate listeners"
  },
  {
    "artistName": "Kevin Gates",
    "segment": "Light listeners"
  },
  {
    "artistName": "shadowraze",
    "segment": "Previously Active Listeners"
  },
  {
    "artistName": "Pham",
    "segment": "Light listeners"
  },
  {
    "artistName": "Black Hippy",
    "segment": "Previously Active Listeners"
  },
  {
    "artistName": "Julien Jorgensen",
    "segment": "Previously Active Listeners"
  },
  {
    "artistName": "Kelly Clarkson",
    "segment": "Previously Active Listeners"
  },
  {
    "artistName": "ScHoolboy Q",
    "segment": "Previously Active Listeners"
  },
  {
    "artistName": "Indiiana",
    "segment": "Light listeners"
  },
  {
    "artistName": "Dj Tobe",
    "segment": "Previously Active Listeners"
  },
  {
    "artistName": "Luke Combs",
    "segment": "Previously Active Listeners"
  },
  {
    "artistName": "Las Ketchup",
    "segment": "Previously Active Listeners"
  },
  {
    "artistName": "Nate Good",
    "segment": "Light listeners"
  },
  {
    "artistName": "Puolustusvoimien varusmiessoittokunta",
    "segment": "Previously Active Listeners"
  },
  {
    "artistName": "Grits",
    "segment": "Previously Active Listeners"
  },
  {
    "artistName": "Indica",
    "segment": "Moderate listeners"
  },
  {
    "artistName": "Sly Pyper",
    "segment": "Previously Active Listeners"
  },
  {
    "artistName": "KALEO",
    "segment": "Previously Active Listeners"
  },
  {
    "artistName": "Breaking Benjamin",
    "segment": "Moderate listeners"
  },
  {
    "artistName": "Green Day",
    "segment": "Light listeners"
  },
  {
    "artistName": "Gryffin",
    "segment": "Previously Active Listeners"
  },
  {
    "artistName": "Nickelback",
    "segment": "Light listeners"
  },
  {
    "artistName": "O.T. Genasis",
    "segment": "Previously Active Listeners"
  },
  {
    "artistName": "Sonny Wern",
    "segment": "Previously Active Listeners"
  },
  {
    "artistName": "Recognize Ali",
    "segment": "Previously Active Listeners"
  },
  {
    "artistName": "PlayaPhonk",
    "segment": "Previously Active Listeners"
  },
  {
    "artistName": "John Martin",
    "segment": "Previously Active Listeners"
  },
  {
    "artistName": "The Vamps",
    "segment": "Light listeners"
  },
  {
    "artistName": "Mötley Crüe",
    "segment": "Previously Active Listeners"
  },
  {
    "artistName": "Tiktak",
    "segment": "Moderate listeners"
  },
  {
    "artistName": "The Neighbourhood",
    "segment": "Light listeners"
  },
  {
    "artistName": "Sebastian Ingrosso",
    "segment": "Previously Active Listeners"
  },
  {
    "artistName": "Thirty Seconds To Mars",
    "segment": "Light listeners"
  },
  {
    "artistName": "Yaeger",
    "segment": "Previously Active Listeners"
  },
  {
    "artistName": "Kaiser Chiefs",
    "segment": "Previously Active Listeners"
  },
  {
    "artistName": "Talib Kweli",
    "segment": "Previously Active Listeners"
  },
  {
    "artistName": "Aitch",
    "segment": "Moderate listeners"
  },
  {
    "artistName": "King Chip",
    "segment": "Previously Active Listeners"
  },
  {
    "artistName": "Denisee Cherry",
    "segment": "Previously Active Listeners"
  },
  {
    "artistName": "Trick Daddy",
    "segment": "Previously Active Listeners"
  },
  {
    "artistName": "Queen",
    "segment": "Light listeners"
  },
  {
    "artistName": "The Seige",
    "segment": "Previously Active Listeners"
  },
  {
    "artistName": "USHER",
    "segment": "Previously Active Listeners"
  },
  {
    "artistName": "2 Chainz",
    "segment": "Previously Active Listeners"
  },
  {
    "artistName": "Julie Bergan",
    "segment": "Previously Active Listeners"
  },
  {
    "artistName": "Anssi Kela",
    "segment": "Light listeners"
  },
  {
    "artistName": "Marita Taavitsainen",
    "segment": "Previously Active Listeners"
  },
  {
    "artistName": "Panic! At The Disco",
    "segment": "Previously Active Listeners"
  },
  {
    "artistName": "Nicky Romero",
    "segment": "Previously Active Listeners"
  },
  {
    "artistName": "Dakota",
    "segment": "Previously Active Listeners"
  },
  {
    "artistName": "Falling In Reverse",
    "segment": "Light listeners"
  },
  {
    "artistName": "Aerosmith",
    "segment": "Previously Active Listeners"
  },
  {
    "artistName": "Kris Kross",
    "segment": "Previously Active Listeners"
  },
  {
    "artistName": "Bipolar Sunshine",
    "segment": "Previously Active Listeners"
  },
  {
    "artistName": "Pharrell Williams",
    "segment": "Previously Active Listeners"
  },
  {
    "artistName": "Anella Herim",
    "segment": "Light listeners"
  },
  {
    "artistName": "Scorpions",
    "segment": "Light listeners"
  },
  {
    "artistName": "Haloo Helsinki!",
    "segment": "Moderate listeners"
  },
  {
    "artistName": "Jubël",
    "segment": "Previously Active Listeners"
  },
  {
    "artistName": "Mike Posner",
    "segment": "Previously Active Listeners"
  },
  {
    "artistName": "Cascada",
    "segment": "Previously Active Listeners"
  },
  {
    "artistName": "sktlevo",
    "segment": "Previously Active Listeners"
  },
  {
    "artistName": "Men At Work",
    "segment": "Light listeners"
  },
  {
    "artistName": "KSHMR",
    "segment": "Previously Active Listeners"
  },
  {
    "artistName": "Lil Mosey",
    "segment": "Light listeners"
  },
  {
    "artistName": "iann dior",
    "segment": "Previously Active Listeners"
  },
  {
    "artistName": "House Of Pain",
    "segment": "Previously Active Listeners"
  },
  {
    "artistName": "Elley Duhé",
    "segment": "Light listeners"
  },
  {
    "artistName": "N.W.A.",
    "segment": "Previously Active Listeners"
  },
  {
    "artistName": "Morgan Wallen",
    "segment": "Light listeners"
  },
  {
    "artistName": "JAY-Z",
    "segment": "Light listeners"
  },
  {
    "artistName": "Onset Music Group",
    "segment": "Previously Active Listeners"
  },
  {
    "artistName": "Alesso",
    "segment": "Previously Active Listeners"
  },
  {
    "artistName": "Turisti",
    "segment": "Previously Active Listeners"
  },
  {
    "artistName": "Virve Rosti",
    "segment": "Light listeners"
  },
  {
    "artistName": "Unaverage Gang",
    "segment": "Previously Active Listeners"
  },
  {
    "artistName": "JZAC",
    "segment": "Previously Active Listeners"
  },
  {
    "artistName": "Nicki Minaj",
    "segment": "Light listeners"
  },
  {
    "artistName": "ronixd",
    "segment": "Previously Active Listeners"
  },
  {
    "artistName": "Kanye West",
    "segment": "Moderate listeners"
  },
  {
    "artistName": "Volbeat",
    "segment": "Light listeners"
  },
  {
    "artistName": "Lil Jon",
    "segment": "Previously Active Listeners"
  },
  {
    "artistName": "Zach Bryan",
    "segment": "Previously Active Listeners"
  },
  {
    "artistName": "First Blood",
    "segment": "Light listeners"
  },
  {
    "artistName": "Ryan Riback",
    "segment": "Previously Active Listeners"
  },
  {
    "artistName": "SHVPES",
    "segment": "Previously Active Listeners"
  },
  {
    "artistName": "Taiska",
    "segment": "Light listeners"
  },
  {
    "artistName": "Baby Bam",
    "segment": "Previously Active Listeners"
  },
  {
    "artistName": "The Kid LAROI",
    "segment": "Previously Active Listeners"
  },
  {
    "artistName": "BigXthaPlug",
    "segment": "Previously Active Listeners"
  },
  {
    "artistName": "Billy Marchiafava",
    "segment": "Previously Active Listeners"
  },
  {
    "artistName": "Mac Miller",
    "segment": "Light listeners"
  },
  {
    "artistName": "Hopsin",
    "segment": "Moderate listeners"
  },
  {
    "artistName": "Alex Kunnari",
    "segment": "Light listeners"
  },
  {
    "artistName": "Three Days Grace",
    "segment": "Moderate listeners"
  },
  {
    "artistName": "Rich Homie Quan",
    "segment": "Previously Active Listeners"
  },
  {
    "artistName": "J. Cole",
    "segment": "Super Listeners"
  },
  {
    "artistName": "Halsey",
    "segment": "Previously Active Listeners"
  },
  {
    "artistName": "Jennifer Lopez",
    "segment": "Previously Active Listeners"
  },
  {
    "artistName": "Various Artists",
    "segment": "Super Listeners"
  },
  {
    "artistName": "Arizona Zervas",
    "segment": "Previously Active Listeners"
  },
  {
    "artistName": "beabadoobee",
    "segment": "Previously Active Listeners"
  },
  {
    "artistName": "Sevek",
    "segment": "Previously Active Listeners"
  },
  {
    "artistName": "Akon",
    "segment": "Previously Active Listeners"
  },
  {
    "artistName": "Skillet",
    "segment": "Moderate listeners"
  },
  {
    "artistName": "Richard Luzzi",
    "segment": "Previously Active Listeners"
  },
  {
    "artistName": "Kid Ink",
    "segment": "Moderate listeners"
  },
  {
    "artistName": "Julia Michaels",
    "segment": "Previously Active Listeners"
  },
  {
    "artistName": "Sam Fender",
    "segment": "Previously Active Listeners"
  },
  {
    "artistName": "Drenchill",
    "segment": "Light listeners"
  },
  {
    "artistName": "Dave",
    "segment": "Previously Active Listeners"
  },
  {
    "artistName": "NEVAEHdwm",
    "segment": "Previously Active Listeners"
  },
  {
    "artistName": "Manuel Turizo",
    "segment": "Previously Active Listeners"
  },
  {
    "artistName": "Disturbed",
    "segment": "Moderate listeners"
  },
  {
    "artistName": "Metro Boomin",
    "segment": "Previously Active Listeners"
  },
  {
    "artistName": "The Lumineers",
    "segment": "Previously Active Listeners"
  },
  {
    "artistName": "Sevenn",
    "segment": "Previously Active Listeners"
  },
  {
    "artistName": "LAZER DIM 700",
    "segment": "Light listeners"
  },
  {
    "artistName": "Justice Skolnik",
    "segment": "Previously Active Listeners"
  },
  {
    "artistName": "Seether",
    "segment": "Previously Active Listeners"
  },
  {
    "artistName": "Rita Ora",
    "segment": "Previously Active Listeners"
  },
  {
    "artistName": "Sum 41",
    "segment": "Light listeners"
  },
  {
    "artistName": "Maroon 5",
    "segment": "Previously Active Listeners"
  },
  {
    "artistName": "Chief Keef",
    "segment": "Previously Active Listeners"
  },
  {
    "artistName": "Unelmavävyt",
    "segment": "Previously Active Listeners"
  },
  {
    "artistName": "Night Lovell",
    "segment": "Previously Active Listeners"
  },
  {
    "artistName": "The Lonely Island",
    "segment": "Previously Active Listeners"
  },
  {
    "artistName": "$uicideboy$",
    "segment": "Moderate listeners"
  },
  {
    "artistName": "Elastinen",
    "segment": "Previously Active Listeners"
  },
  {
    "artistName": "LoFi Waiter",
    "segment": "Previously Active Listeners"
  },
  {
    "artistName": "Pras",
    "segment": "Light listeners"
  },
  {
    "artistName": "First Aid Kit",
    "segment": "Previously Active Listeners"
  },
  {
    "artistName": "Iggy Azalea",
    "segment": "Previously Active Listeners"
  },
  {
    "artistName": "Jonna Tervomaa",
    "segment": "Previously Active Listeners"
  },
  {
    "artistName": "Bobby Shmurda",
    "segment": "Previously Active Listeners"
  },
  {
    "artistName": "Gracie Abrams",
    "segment": "Previously Active Listeners"
  },
  {
    "artistName": "Shaboozey",
    "segment": "Moderate listeners"
  },
  {
    "artistName": "NEFFEX",
    "segment": "Moderate listeners"
  },
  {
    "artistName": "Zonoma",
    "segment": "Previously Active Listeners"
  },
  {
    "artistName": "The Killers",
    "segment": "Previously Active Listeners"
  },
  {
    "artistName": "Rachel Platten",
    "segment": "Previously Active Listeners"
  },
  {
    "artistName": "Öwnboss",
    "segment": "Previously Active Listeners"
  },
  {
    "artistName": "Ellie Goulding",
    "segment": "Light listeners"
  },
  {
    "artistName": "Remy Ma",
    "segment": "Previously Active Listeners"
  },
  {
    "artistName": "Sasha Alex Sloan",
    "segment": "Previously Active Listeners"
  },
  {
    "artistName": "Irina",
    "segment": "Light listeners"
  },
  {
    "artistName": "Daniel Powter",
    "segment": "Previously Active Listeners"
  },
  {
    "artistName": "Eazy-E",
    "segment": "Previously Active Listeners"
  },
  {
    "artistName": "Eric Vanlerberghe",
    "segment": "Light listeners"
  },
  {
    "artistName": "Likybo",
    "segment": "Previously Active Listeners"
  },
  {
    "artistName": "Mudvayne",
    "segment": "Light listeners"
  },
  {
    "artistName": "Ciscaux",
    "segment": "Previously Active Listeners"
  },
  {
    "artistName": "French Montana",
    "segment": "Light listeners"
  },
  {
    "artistName": "ILLENIUM",
    "segment": "Previously Active Listeners"
  },
  {
    "artistName": "Steve Perry",
    "segment": "Previously Active Listeners"
  },
  {
    "artistName": "From Ashes to New",
    "segment": "Light listeners"
  },
  {
    "artistName": "Martin Garrix",
    "segment": "Previously Active Listeners"
  },
  {
    "artistName": "Kina",
    "segment": "Previously Active Listeners"
  },
  {
    "artistName": "Crossfade",
    "segment": "Light listeners"
  },
  {
    "artistName": "Jukka Poika",
    "segment": "Previously Active Listeners"
  },
  {
    "artistName": "Deorro",
    "segment": "Previously Active Listeners"
  },
  {
    "artistName": "Demi Lovato",
    "segment": "Previously Active Listeners"
  },
  {
    "artistName": "Hailee Steinfeld",
    "segment": "Previously Active Listeners"
  },
  {
    "artistName": "Avenged Sevenfold",
    "segment": "Previously Active Listeners"
  },
  {
    "artistName": "Peggy Gou",
    "segment": "Previously Active Listeners"
  },
  {
    "artistName": "Ms. Lauryn Hill",
    "segment": "Light listeners"
  },
  {
    "artistName": "Darius Rucker",
    "segment": "Previously Active Listeners"
  },
  {
    "artistName": "Summer Hits",
    "segment": "Previously Active Listeners"
  },
  {
    "artistName": "Skandaali",
    "segment": "Previously Active Listeners"
  },
  {
    "artistName": "Kube",
    "segment": "Previously Active Listeners"
  },
  {
    "artistName": "VIIVI",
    "segment": "Previously Active Listeners"
  },
  {
    "artistName": "Cash Cash",
    "segment": "Previously Active Listeners"
  },
  {
    "artistName": "Malrun",
    "segment": "Light listeners"
  },
  {
    "artistName": "Phillip Phillips",
    "segment": "Previously Active Listeners"
  },
  {
    "artistName": "Made famous by Kid Kudi",
    "segment": "Previously Active Listeners"
  },
  {
    "artistName": "Brando",
    "segment": "Previously Active Listeners"
  },
  {
    "artistName": "Déjà Vu",
    "segment": "Moderate listeners"
  },
  {
    "artistName": "Red Hot Chili Peppers",
    "segment": "Previously Active Listeners"
  },
  {
    "artistName": "Papa Roach",
    "segment": "Moderate listeners"
  },
  {
    "artistName": "Maija Vilkkumaa",
    "segment": "Light listeners"
  },
  {
    "artistName": "Echosmith",
    "segment": "Previously Active Listeners"
  },
  {
    "artistName": "PNAU",
    "segment": "Previously Active Listeners"
  },
  {
    "artistName": "DJ Pauly D",
    "segment": "Previously Active Listeners"
  },
  {
    "artistName": "Jace",
    "segment": "Previously Active Listeners"
  },
  {
    "artistName": "M.I.A.",
    "segment": "Previously Active Listeners"
  },
  {
    "artistName": "Stella",
    "segment": "Light listeners"
  },
  {
    "artistName": "Sia",
    "segment": "Previously Active Listeners"
  },
  {
    "artistName": "Sakis Rouvas",
    "segment": "Previously Active Listeners"
  },
  {
    "artistName": "J. Karjalainen Yhtyeineen",
    "segment": "Previously Active Listeners"
  },
  {
    "artistName": "David Guetta",
    "segment": "Light listeners"
  },
  {
    "artistName": "3 Doors Down",
    "segment": "Previously Active Listeners"
  },
  {
    "artistName": "Portion Boys",
    "segment": "Previously Active Listeners"
  },
  {
    "artistName": "DJ Drama",
    "segment": "Light listeners"
  },
  {
    "artistName": "The Unguided",
    "segment": "Previously Active Listeners"
  },
  {
    "artistName": "Quin Nfn",
    "segment": "Moderate listeners"
  },
  {
    "artistName": "Camila Cabello",
    "segment": "Previously Active Listeners"
  },
  {
    "artistName": "Amy Macdonald",
    "segment": "Previously Active Listeners"
  },
  {
    "artistName": "AFROJACK",
    "segment": "Previously Active Listeners"
  },
  {
    "artistName": "Kris Kross Amsterdam",
    "segment": "Previously Active Listeners"
  },
  {
    "artistName": "Daft Punk",
    "segment": "Previously Active Listeners"
  },
  {
    "artistName": "Madden",
    "segment": "Previously Active Listeners"
  },
  {
    "artistName": "Hatebreed",
    "segment": "Previously Active Listeners"
  },
  {
    "artistName": "Nicky Jam",
    "segment": "Previously Active Listeners"
  },
  {
    "artistName": "Alan Walker",
    "segment": "Previously Active Listeners"
  },
  {
    "artistName": "MAGIC!",
    "segment": "Previously Active Listeners"
  },
  {
    "artistName": "Molella",
    "segment": "Previously Active Listeners"
  },
  {
    "artistName": "Axwell /\\ Ingrosso",
    "segment": "Light listeners"
  },
  {
    "artistName": "River Paisley",
    "segment": "Previously Active Listeners"
  },
  {
    "artistName": "Texas",
    "segment": "Previously Active Listeners"
  },
  {
    "artistName": "Kings of Leon",
    "segment": "Light listeners"
  },
  {
    "artistName": "Lil Uzi Vert",
    "segment": "Previously Active Listeners"
  },
  {
    "artistName": "BoyWithUke",
    "segment": "Light listeners"
  },
  {
    "artistName": "Ida Paul",
    "segment": "Previously Active Listeners"
  },
  {
    "artistName": "Alessia Cara",
    "segment": "Previously Active Listeners"
  },
  {
    "artistName": "Maddy Soma",
    "segment": "Previously Active Listeners"
  },
  {
    "artistName": "Mumford & Sons",
    "segment": "Previously Active Listeners"
  },
  {
    "artistName": "Drod",
    "segment": "Previously Active Listeners"
  },
  {
    "artistName": "Imanbek",
    "segment": "Previously Active Listeners"
  },
  {
    "artistName": "Zak Abel",
    "segment": "Light listeners"
  },
  {
    "artistName": "Train",
    "segment": "Moderate listeners"
  },
  {
    "artistName": "Zardonic",
    "segment": "Previously Active Listeners"
  },
  {
    "artistName": "Russ",
    "segment": "Light listeners"
  },
  {
    "artistName": "Tdot illdude",
    "segment": "Previously Active Listeners"
  },
  {
    "artistName": "Funk Wav",
    "segment": "Previously Active Listeners"
  },
  {
    "artistName": "Kolmas Nainen",
    "segment": "Light listeners"
  },
  {
    "artistName": "The Cranberries",
    "segment": "Previously Active Listeners"
  },
  {
    "artistName": "Hippo Campus",
    "segment": "Light listeners"
  },
  {
    "artistName": "Paolo Ortelli",
    "segment": "Previously Active Listeners"
  },
  {
    "artistName": "Powerman 5000",
    "segment": "Previously Active Listeners"
  },
  {
    "artistName": "Fintelligens",
    "segment": "Light listeners"
  },
  {
    "artistName": "Mike Darole",
    "segment": "Light listeners"
  },
  {
    "artistName": "Slush Puppy",
    "segment": "Previously Active Listeners"
  },
  {
    "artistName": "INNA",
    "segment": "Previously Active Listeners"
  },
  {
    "artistName": "Like Mike",
    "segment": "Previously Active Listeners"
  },
  {
    "artistName": "Denzel Curry",
    "segment": "Light listeners"
  },
  {
    "artistName": "Erin",
    "segment": "Previously Active Listeners"
  },
  {
    "artistName": "Mike WiLL Made-It",
    "segment": "Previously Active Listeners"
  },
  {
    "artistName": "OG Ulla-Maija",
    "segment": "Previously Active Listeners"
  },
  {
    "artistName": "Shakewell",
    "segment": "Previously Active Listeners"
  },
  {
    "artistName": "Simple Plan",
    "segment": "Light listeners"
  },
  {
    "artistName": "Skrillex",
    "segment": "Previously Active Listeners"
  },
  {
    "artistName": "Raaban",
    "segment": "Previously Active Listeners"
  },
  {
    "artistName": "MOGUAI",
    "segment": "Previously Active Listeners"
  },
  {
    "artistName": "Asa",
    "segment": "Previously Active Listeners"
  },
  {
    "artistName": "The Ataris",
    "segment": "Previously Active Listeners"
  },
  {
    "artistName": "Ty Dolla $ign",
    "segment": "Previously Active Listeners"
  },
  {
    "artistName": "Seksikäs-Suklaa",
    "segment": "Previously Active Listeners"
  },
  {
    "artistName": "Disciples",
    "segment": "Previously Active Listeners"
  },
  {
    "artistName": "Lord Flacko",
    "segment": "Previously Active Listeners"
  },
  {
    "artistName": "Macklemore",
    "segment": "Light listeners"
  },
  {
    "artistName": "Powfu",
    "segment": "Previously Active Listeners"
  },
  {
    "artistName": "Taio Cruz",
    "segment": "Previously Active Listeners"
  },
  {
    "artistName": "John Denver",
    "segment": "Previously Active Listeners"
  },
  {
    "artistName": "Zedd",
    "segment": "Moderate listeners"
  },
  {
    "artistName": "Chri$tian Gate$",
    "segment": "Previously Active Listeners"
  },
  {
    "artistName": "Aikakone",
    "segment": "Previously Active Listeners"
  },
  {
    "artistName": "Winterbourne",
    "segment": "Previously Active Listeners"
  },
  {
    "artistName": "THE SCOTTS",
    "segment": "Light listeners"
  },
  {
    "artistName": "Nightcore",
    "segment": "Previously Active Listeners"
  },
  {
    "artistName": "Milky Chance",
    "segment": "Light listeners"
  },
  {
    "artistName": "Lilly Wood and The Prick",
    "segment": "Previously Active Listeners"
  },
  {
    "artistName": "Five Finger Death Punch",
    "segment": "Light listeners"
  },
  {
    "artistName": "Britney Spears",
    "segment": "Previously Active Listeners"
  },
  {
    "artistName": "Heart",
    "segment": "Light listeners"
  },
  {
    "artistName": "Big Pun",
    "segment": "Previously Active Listeners"
  },
  {
    "artistName": "Iyaz",
    "segment": "Previously Active Listeners"
  },
  {
    "artistName": "Famy",
    "segment": "Light listeners"
  },
  {
    "artistName": "RosvoSektori",
    "segment": "Previously Active Listeners"
  },
  {
    "artistName": "Janji",
    "segment": "Previously Active Listeners"
  },
  {
    "artistName": "Nas",
    "segment": "Previously Active Listeners"
  },
  {
    "artistName": "G-Eazy",
    "segment": "Previously Active Listeners"
  },
  {
    "artistName": "Lord Est",
    "segment": "Previously Active Listeners"
  },
  {
    "artistName": "Neil Diamond",
    "segment": "Previously Active Listeners"
  },
  {
    "artistName": "Fort Minor",
    "segment": "Previously Active Listeners"
  },
  {
    "artistName": "Ida Paul & Kalle Lindroth",
    "segment": "Previously Active Listeners"
  },
  {
    "artistName": "Travis Scott",
    "segment": "Moderate listeners"
  },
  {
    "artistName": "Pelle Miljoona & 1980",
    "segment": "Light listeners"
  },
  {
    "artistName": "DGAF",
    "segment": "Previously Active Listeners"
  },
  {
    "artistName": "Mufasa & Hypeman",
    "segment": "Previously Active Listeners"
  },
  {
    "artistName": "Meek Mill",
    "segment": "Previously Active Listeners"
  },
  {
    "artistName": "Cardi B",
    "segment": "Previously Active Listeners"
  },
  {
    "artistName": "YoungBoy Never Broke Again",
    "segment": "Previously Active Listeners"
  },
  {
    "artistName": "Jaymes Young",
    "segment": "Previously Active Listeners"
  },
  {
    "artistName": "Aries",
    "segment": "Previously Active Listeners"
  },
  {
    "artistName": "The Police",
    "segment": "Light listeners"
  },
  {
    "artistName": "Guru Josh",
    "segment": "Previously Active Listeners"
  },
  {
    "artistName": "Matthew Wilder",
    "segment": "Previously Active Listeners"
  },
  {
    "artistName": "Jurassikki",
    "segment": "Previously Active Listeners"
  },
  {
    "artistName": "NOTHING MORE",
    "segment": "Light listeners"
  },
  {
    "artistName": "Grand Slam",
    "segment": "Light listeners"
  },
  {
    "artistName": "Endless Summer",
    "segment": "Previously Active Listeners"
  },
  {
    "artistName": "Popeda",
    "segment": "Light listeners"
  },
  {
    "artistName": "The Rasmus",
    "segment": "Previously Active Listeners"
  },
  {
    "artistName": "Vikkstar",
    "segment": "Previously Active Listeners"
  },
  {
    "artistName": "Tyler Rich",
    "segment": "Previously Active Listeners"
  },
  {
    "artistName": "Kalash Criminel",
    "segment": "Light listeners"
  },
  {
    "artistName": "Bad Wolves",
    "segment": "Previously Active Listeners"
  },
  {
    "artistName": "I Prevail",
    "segment": "Moderate listeners"
  },
  {
    "artistName": "21 Savage",
    "segment": "Previously Active Listeners"
  },
  {
    "artistName": "Portugal. The Man",
    "segment": "Previously Active Listeners"
  },
  {
    "artistName": "Aste",
    "segment": "Previously Active Listeners"
  },
  {
    "artistName": "M83",
    "segment": "Previously Active Listeners"
  },
  {
    "artistName": "Talking Heads",
    "segment": "Light listeners"
  },
  {
    "artistName": "Bad Meets Evil",
    "segment": "Previously Active Listeners"
  },
  {
    "artistName": "R.E.M.",
    "segment": "Previously Active Listeners"
  },
  {
    "artistName": "Freeman",
    "segment": "Moderate listeners"
  },
  {
    "artistName": "Vigiland",
    "segment": "Previously Active Listeners"
  },
  {
    "artistName": "blackbear",
    "segment": "Previously Active Listeners"
  },
  {
    "artistName": "2Pac",
    "segment": "Previously Active Listeners"
  },
  {
    "artistName": "Alice Cooper",
    "segment": "Previously Active Listeners"
  },
  {
    "artistName": "Kesha",
    "segment": "Light listeners"
  },
  {
    "artistName": "Hollywood Undead",
    "segment": "Light listeners"
  },
  {
    "artistName": "Lil Baby",
    "segment": "Moderate listeners"
  },
  {
    "artistName": "SRTW",
    "segment": "Previously Active Listeners"
  },
  {
    "artistName": "Fleet Foxes",
    "segment": "Previously Active Listeners"
  },
  {
    "artistName": "J&J",
    "segment": "Previously Active Listeners"
  },
  {
    "artistName": "Nightwish",
    "segment": "Previously Active Listeners"
  },
  {
    "artistName": "Bomfunk MC's",
    "segment": "Previously Active Listeners"
  },
  {
    "artistName": "Anne Mattila",
    "segment": "Moderate listeners"
  },
  {
    "artistName": "Eminem",
    "segment": "Light listeners"
  },
  {
    "artistName": "Rob $tone",
    "segment": "Previously Active Listeners"
  },
  {
    "artistName": "AK Babe",
    "segment": "Previously Active Listeners"
  },
  {
    "artistName": "Zara Larsson",
    "segment": "Moderate listeners"
  },
  {
    "artistName": "STIG",
    "segment": "Previously Active Listeners"
  },
  {
    "artistName": "Hector",
    "segment": "Moderate listeners"
  },
  {
    "artistName": "Cal Scruby",
    "segment": "Light listeners"
  },
  {
    "artistName": "Leevi and the leavings",
    "segment": "Super Listeners"
  },
  {
    "artistName": "KAJAK",
    "segment": "Previously Active Listeners"
  },
  {
    "artistName": "Pave Maijanen",
    "segment": "Light listeners"
  },
  {
    "artistName": "Bastille",
    "segment": "Previously Active Listeners"
  },
  {
    "artistName": "DMX",
    "segment": "Moderate listeners"
  },
  {
    "artistName": "Linkin Park",
    "segment": "Super Listeners"
  },
  {
    "artistName": "Hollis",
    "segment": "Previously Active Listeners"
  },
  {
    "artistName": "Lucenzo",
    "segment": "Previously Active Listeners"
  },
  {
    "artistName": "PMMP",
    "segment": "Previously Active Listeners"
  },
  {
    "artistName": "YUNGBLUD",
    "segment": "Previously Active Listeners"
  },
  {
    "artistName": "The Animal In Me",
    "segment": "Previously Active Listeners"
  },
  {
    "artistName": "DJ Khaled",
    "segment": "Light listeners"
  },
  {
    "artistName": "Seafret",
    "segment": "Previously Active Listeners"
  },
  {
    "artistName": "Meiju Suvas",
    "segment": "Light listeners"
  },
  {
    "artistName": "Jope Ruonansuu",
    "segment": "Moderate listeners"
  },
  {
    "artistName": "Wyclef Jean",
    "segment": "Light listeners"
  },
  {
    "artistName": "The 502s",
    "segment": "Light listeners"
  },
  {
    "artistName": "Lil Wyte",
    "segment": "Previously Active Listeners"
  },
  {
    "artistName": "Kodak Black",
    "segment": "Previously Active Listeners"
  },
  {
    "artistName": "Seeb",
    "segment": "Previously Active Listeners"
  },
  {
    "artistName": "Jason Derulo",
    "segment": "Light listeners"
  },
  {
    "artistName": "Tehosekoitin",
    "segment": "Moderate listeners"
  },
  {
    "artistName": "Greatha Laurion",
    "segment": "Previously Active Listeners"
  },
  {
    "artistName": "Lloyd Banks",
    "segment": "Previously Active Listeners"
  },
  {
    "artistName": "Rihanna",
    "segment": "Previously Active Listeners"
  },
  {
    "artistName": "TCTS",
    "segment": "Previously Active Listeners"
  },
  {
    "artistName": "Paula Koivuniemi",
    "segment": "Moderate listeners"
  },
  {
    "artistName": "Kacey Musgraves",
    "segment": "Previously Active Listeners"
  },
  {
    "artistName": "The Notorious B.I.G.",
    "segment": "Previously Active Listeners"
  },
  {
    "artistName": "TOTO",
    "segment": "Light listeners"
  },
  {
    "artistName": "Bebe Rexha",
    "segment": "Previously Active Listeners"
  },
  {
    "artistName": "Suurlähettiläät",
    "segment": "Previously Active Listeners"
  },
  {
    "artistName": "bbno$",
    "segment": "Previously Active Listeners"
  },
  {
    "artistName": "Of Monsters and Men",
    "segment": "Moderate listeners"
  },
  {
    "artistName": "Thousand Foot Krutch",
    "segment": "Previously Active Listeners"
  },
  {
    "artistName": "Flume",
    "segment": "Previously Active Listeners"
  },
  {
    "artistName": "LunchMoney Lewis",
    "segment": "Previously Active Listeners"
  },
  {
    "artistName": "mgk",
    "segment": "Moderate listeners"
  },
  {
    "artistName": "Fedde Le Grand",
    "segment": "Previously Active Listeners"
  },
  {
    "artistName": "Adema",
    "segment": "Previously Active Listeners"
  },
  {
    "artistName": "Gotye",
    "segment": "Previously Active Listeners"
  },
  {
    "artistName": "Willow Sage Hart",
    "segment": "Light listeners"
  },
  {
    "artistName": "Nile Rodgers",
    "segment": "Light listeners"
  },
  {
    "artistName": "Vinnie Paz",
    "segment": "Light listeners"
  },
  {
    "artistName": "Bad Gal Bambi",
    "segment": "Previously Active Listeners"
  },
  {
    "artistName": "Musakatit",
    "segment": "Moderate listeners"
  },
  {
    "artistName": "Travis Barker",
    "segment": "Previously Active Listeners"
  },
  {
    "artistName": "J. Dash",
    "segment": "Previously Active Listeners"
  },
  {
    "artistName": "Nicole Scherzinger",
    "segment": "Light listeners"
  },
  {
    "artistName": "Lukas Graham",
    "segment": "Previously Active Listeners"
  },
  {
    "artistName": "Slipknot",
    "segment": "Light listeners"
  },
  {
    "artistName": "Conway the Machine",
    "segment": "Previously Active Listeners"
  },
  {
    "artistName": "Stereoact",
    "segment": "Previously Active Listeners"
  },
  {
    "artistName": "Promoting Sounds",
    "segment": "Previously Active Listeners"
  },
  {
    "artistName": "J. Karjalainen",
    "segment": "Previously Active Listeners"
  },
  {
    "artistName": "SHOP BOYZ",
    "segment": "Previously Active Listeners"
  },
  {
    "artistName": "Chamillionaire",
    "segment": "Previously Active Listeners"
  },
  {
    "artistName": "Wiz Khalifa",
    "segment": "Light listeners"
  },
  {
    "artistName": "Limp Bizkit",
    "segment": "Moderate listeners"
  },
  {
    "artistName": "Natalie Imbruglia",
    "segment": "Light listeners"
  },
  {
    "artistName": "Jessie J",
    "segment": "Previously Active Listeners"
  },
  {
    "artistName": "Skylar Grey",
    "segment": "Previously Active Listeners"
  },
  {
    "artistName": "Kungs",
    "segment": "Previously Active Listeners"
  },
  {
    "artistName": "Lyente",
    "segment": "Previously Active Listeners"
  },
  {
    "artistName": "Justin Bieber",
    "segment": "Previously Active Listeners"
  },
  {
    "artistName": "King Iso",
    "segment": "Previously Active Listeners"
  },
  {
    "artistName": "Tears For Fears",
    "segment": "Light listeners"
  },
  {
    "artistName": "Shaggy",
    "segment": "Light listeners"
  },
  {
    "artistName": "Atreyu",
    "segment": "Previously Active Listeners"
  },
  {
    "artistName": "David Agoglia",
    "segment": "Previously Active Listeners"
  },
  {
    "artistName": "Jeremih",
    "segment": "Previously Active Listeners"
  },
  {
    "artistName": "Marshmello",
    "segment": "Previously Active Listeners"
  },
  {
    "artistName": "Petri Nygård",
    "segment": "Previously Active Listeners"
  },
  {
    "artistName": "Sunrise Avenue",
    "segment": "Previously Active Listeners"
  },
  {
    "artistName": "The Offspring",
    "segment": "Light listeners"
  },
  {
    "artistName": "Bugzy Malone",
    "segment": "Light listeners"
  },
  {
    "artistName": "Niki Randa",
    "segment": "Previously Active Listeners"
  },
  {
    "artistName": "Bonn",
    "segment": "Previously Active Listeners"
  },
  {
    "artistName": "Future",
    "segment": "Previously Active Listeners"
  },
  {
    "artistName": "Yö",
    "segment": "Moderate listeners"
  },
  {
    "artistName": "Phil Jay",
    "segment": "Previously Active Listeners"
  },
  {
    "artistName": "JVG",
    "segment": "Moderate listeners"
  },
  {
    "artistName": "Timati",
    "segment": "Previously Active Listeners"
  },
  {
    "artistName": "Radical Face",
    "segment": "Previously Active Listeners"
  },
  {
    "artistName": "Lauv",
    "segment": "Previously Active Listeners"
  },
  {
    "artistName": "Magic System",
    "segment": "Previously Active Listeners"
  },
  {
    "artistName": "NEIMY",
    "segment": "Previously Active Listeners"
  },
  {
    "artistName": "Firebeatz",
    "segment": "Previously Active Listeners"
  },
  {
    "artistName": "Lene Marlin",
    "segment": "Moderate listeners"
  },
  {
    "artistName": "ILOVEMAKONNEN",
    "segment": "Previously Active Listeners"
  },
  {
    "artistName": "Dj Dalebe",
    "segment": "Previously Active Listeners"
  },
  {
    "artistName": "Tiësto",
    "segment": "Previously Active Listeners"
  },
  {
    "artistName": "Lil Wayne",
    "segment": "Previously Active Listeners"
  },
  {
    "artistName": "BONES",
    "segment": "Light listeners"
  },
  {
    "artistName": "Flo Rida",
    "segment": "Light listeners"
  },
  {
    "artistName": "Avril Lavigne",
    "segment": "Light listeners"
  },
  {
    "artistName": "KillBunk",
    "segment": "Previously Active Listeners"
  },
  {
    "artistName": "Altis",
    "segment": "Previously Active Listeners"
  },
  {
    "artistName": "Lil Tjay",
    "segment": "Previously Active Listeners"
  },
  {
    "artistName": "Ray Dalton",
    "segment": "Light listeners"
  },
  {
    "artistName": "Egotrippi",
    "segment": "Previously Active Listeners"
  },
  {
    "artistName": "Brenn!",
    "segment": "Previously Active Listeners"
  },
  {
    "artistName": "Sevendust",
    "segment": "Light listeners"
  },
  {
    "artistName": "Conrad Sewell",
    "segment": "Previously Active Listeners"
  },
  {
    "artistName": "Neon 2",
    "segment": "Moderate listeners"
  },
  {
    "artistName": "Deadlock",
    "segment": "Light listeners"
  },
  {
    "artistName": "KAROL G",
    "segment": "Previously Active Listeners"
  },
  {
    "artistName": "Diddy - Dirty Money",
    "segment": "Previously Active Listeners"
  },
  {
    "artistName": "YG",
    "segment": "Previously Active Listeners"
  },
  {
    "artistName": "The Game",
    "segment": "Previously Active Listeners"
  },
  {
    "artistName": "Xandy Barry",
    "segment": "Previously Active Listeners"
  },
  {
    "artistName": "Loud Luxury",
    "segment": "Previously Active Listeners"
  },
  {
    "artistName": "Ink",
    "segment": "Moderate listeners"
  },
  {
    "artistName": "MGMT",
    "segment": "Moderate listeners"
  },
  {
    "artistName": "Empire Of The Sun",
    "segment": "Previously Active Listeners"
  },
  {
    "artistName": "Drowning Pool",
    "segment": "Light listeners"
  },
  {
    "artistName": "Jax Jones",
    "segment": "Previously Active Listeners"
  },
  {
    "artistName": "¥$",
    "segment": "Previously Active Listeners"
  },
  {
    "artistName": "Adi L Hasla",
    "segment": "Previously Active Listeners"
  },
  {
    "artistName": "Suvi Teräsniska",
    "segment": "Light listeners"
  },
  {
    "artistName": "*NSYNC",
    "segment": "Previously Active Listeners"
  },
  {
    "artistName": "Tinie Tempah",
    "segment": "Previously Active Listeners"
  },
  {
    "artistName": "Pyrythekid",
    "segment": "Light listeners"
  },
  {
    "artistName": "Ca$his",
    "segment": "Previously Active Listeners"
  },
  {
    "artistName": "A$AP Ferg",
    "segment": "Light listeners"
  },
  {
    "artistName": "Noah Kahan",
    "segment": "Light listeners"
  },
  {
    "artistName": "Carly Rae Jepsen",
    "segment": "Previously Active Listeners"
  },
  {
    "artistName": "SadBoyProlific",
    "segment": "Previously Active Listeners"
  },
  {
    "artistName": "Chebaleba",
    "segment": "Previously Active Listeners"
  },
  {
    "artistName": "Eagles",
    "segment": "Light listeners"
  },
  {
    "artistName": "Mohombi",
    "segment": "Previously Active Listeners"
  },
  {
    "artistName": "Khalid",
    "segment": "Previously Active Listeners"
  },
  {
    "artistName": "Bury Your Dead",
    "segment": "Previously Active Listeners"
  },
  {
    "artistName": "Calum Scott",
    "segment": "Previously Active Listeners"
  },
  {
    "artistName": "Marion",
    "segment": "Previously Active Listeners"
  },
  {
    "artistName": "Mufasa",
    "segment": "Previously Active Listeners"
  },
  {
    "artistName": "DJ Antoine",
    "segment": "Previously Active Listeners"
  },
  {
    "artistName": "girl in red",
    "segment": "Light listeners"
  },
  {
    "artistName": "Nylon Beat",
    "segment": "Previously Active Listeners"
  },
  {
    "artistName": "bexter",
    "segment": "Previously Active Listeners"
  },
  {
    "artistName": "Macklemore & Ryan Lewis",
    "segment": "Light listeners"
  },
  {
    "artistName": "Labrinth",
    "segment": "Previously Active Listeners"
  },
  {
    "artistName": "Black Eyed Peas",
    "segment": "Light listeners"
  },
  {
    "artistName": "Hit The Button Karaoke",
    "segment": "Previously Active Listeners"
  },
  {
    "artistName": "Avicii",
    "segment": "Light listeners"
  },
  {
    "artistName": "Glenn Ayala",
    "segment": "Previously Active Listeners"
  },
  {
    "artistName": "Sonique",
    "segment": "Light listeners"
  },
  {
    "artistName": "R. Kelly",
    "segment": "Previously Active Listeners"
  },
  {
    "artistName": "Edward Sharpe & The Magnetic Zeros",
    "segment": "Light listeners"
  },
  {
    "artistName": "J.Lately",
    "segment": "Light listeners"
  },
  {
    "artistName": "King 810",
    "segment": "Previously Active Listeners"
  },
  {
    "artistName": "Matthew McCloskey",
    "segment": "Previously Active Listeners"
  },
  {
    "artistName": "Pate Mustajärvi",
    "segment": "Previously Active Listeners"
  },
  {
    "artistName": "Swae Lee",
    "segment": "Light listeners"
  },
  {
    "artistName": "Pham feat. Yung Fusion",
    "segment": "Previously Active Listeners"
  },
  {
    "artistName": "Arctic Monkeys",
    "segment": "Previously Active Listeners"
  },
  {
    "artistName": "Matoma",
    "segment": "Light listeners"
  },
  {
    "artistName": "Comethazine",
    "segment": "Previously Active Listeners"
  },
  {
    "artistName": "Tove Lo",
    "segment": "Light listeners"
  },
  {
    "artistName": "Fugees",
    "segment": "Light listeners"
  },
  {
    "artistName": "Faith Evans",
    "segment": "Previously Active Listeners"
  },
  {
    "artistName": "6ix9ine",
    "segment": "Moderate listeners"
  },
  {
    "artistName": "Adelitas Way",
    "segment": "Previously Active Listeners"
  },
  {
    "artistName": "Tate McRae",
    "segment": "Previously Active Listeners"
  },
  {
    "artistName": "Gasellit",
    "segment": "Previously Active Listeners"
  },
  {
    "artistName": "Drake",
    "segment": "Light listeners"
  },
  {
    "artistName": "Neon Trees",
    "segment": "Previously Active Listeners"
  },
  {
    "artistName": "Trivium",
    "segment": "Previously Active Listeners"
  },
  {
    "artistName": "Dimitri Vegas & Like Mike",
    "segment": "Previously Active Listeners"
  },
  {
    "artistName": "R3HAB",
    "segment": "Previously Active Listeners"
  },
  {
    "artistName": "Snoop Dogg",
    "segment": "Light listeners"
  },
  {
    "artistName": "Warrant",
    "segment": "Light listeners"
  },
  {
    "artistName": "Leo Luoto",
    "segment": "Previously Active Listeners"
  },
  {
    "artistName": "Dash Berlin",
    "segment": "Previously Active Listeners"
  },
  {
    "artistName": "Owl City",
    "segment": "Previously Active Listeners"
  },
  {
    "artistName": "Murda Beatz",
    "segment": "Light listeners"
  },
  {
    "artistName": "Bruno Mars",
    "segment": "Previously Active Listeners"
  },
  {
    "artistName": "BANNERS",
    "segment": "Previously Active Listeners"
  },
  {
    "artistName": "Otto Knows",
    "segment": "Previously Active Listeners"
  },
  {
    "artistName": "Epelit",
    "segment": "Previously Active Listeners"
  },
  {
    "artistName": "Uniikki",
    "segment": "Light listeners"
  },
  {
    "artistName": "Frank Walker",
    "segment": "Previously Active Listeners"
  },
  {
    "artistName": "Annika Eklund",
    "segment": "Light listeners"
  },
  {
    "artistName": "Mikey The Magician",
    "segment": "Previously Active Listeners"
  },
  {
    "artistName": "Kiesza",
    "segment": "Previously Active Listeners"
  },
  {
    "artistName": "Sueco",
    "segment": "Previously Active Listeners"
  },
  {
    "artistName": "Dax",
    "segment": "Light listeners"
  },
  {
    "artistName": "Kygo",
    "segment": "Light listeners"
  },
  {
    "artistName": "Foo Fighters",
    "segment": "Previously Active Listeners"
  },
  {
    "artistName": "K-391",
    "segment": "Previously Active Listeners"
  },
  {
    "artistName": "Cir.Cuz",
    "segment": "Previously Active Listeners"
  },
  {
    "artistName": "5 Seconds of Summer",
    "segment": "Previously Active Listeners"
  },
  {
    "artistName": "Kymppilinja",
    "segment": "Light listeners"
  },
  {
    "artistName": "Cinder",
    "segment": "Previously Active Listeners"
  },
  {
    "artistName": "Gracias",
    "segment": "Previously Active Listeners"
  },
  {
    "artistName": "Ava Max",
    "segment": "Previously Active Listeners"
  },
  {
    "artistName": "DNCE",
    "segment": "Previously Active Listeners"
  },
  {
    "artistName": "Fit & Fresh",
    "segment": "Light listeners"
  },
  {
    "artistName": "Jenni Vartiainen",
    "segment": "Previously Active Listeners"
  },
  {
    "artistName": "Gavin DeGraw",
    "segment": "Previously Active Listeners"
  },
  {
    "artistName": "Pauli Hanhiniemi",
    "segment": "Previously Active Listeners"
  },
  {
    "artistName": "Jay Rock",
    "segment": "Previously Active Listeners"
  },
  {
    "artistName": "Dua Lipa",
    "segment": "Previously Active Listeners"
  },
  {
    "artistName": "Daddy Yankee",
    "segment": "Previously Active Listeners"
  },
  {
    "artistName": "Yanou",
    "segment": "Previously Active Listeners"
  },
  {
    "artistName": "Juha Tapio",
    "segment": "Moderate listeners"
  },
  {
    "artistName": "Jon Bellion",
    "segment": "Previously Active Listeners"
  },
  {
    "artistName": "White Gold",
    "segment": "Previously Active Listeners"
  },
  {
    "artistName": "Rainbow Kitten Surprise",
    "segment": "Previously Active Listeners"
  }
]