[
  {
    "platform" : "IPHONE_ARM64",
    "searchTime" : "2024-09-17T19:56:54.932Z[UTC]",
    "searchQuery" : "r",
    "searchInteractionURIs" : [
    ]
  },
  {
    "platform" : "IPHONE",
    "searchTime" : "2024-09-17T19:56:56.925Z[UTC]",
    "searchQuery" : "right a",
    "searchInteractionURIs" : [
      "spotify:track:1kMuU3TNQvHbqvXCWBodmP"
    ]
  },
  {
    "platform" : "IPHONE_ARM64",
    "searchTime" : "2024-09-17T20:52:01.606Z[UTC]",
    "searchQuery" : "im t",
    "searchInteractionURIs" : [
    ]
  },
  {
    "platform" : "IPHONE_ARM64",
    "searchTime" : "2024-09-17T20:52:02.061Z[UTC]",
    "searchQuery" : "im the",
    "searchInteractionURIs" : [
    ]
  },
  {
    "platform" : "IPHONE_ARM64",
    "searchTime" : "2024-09-17T20:52:02.067Z[UTC]",
    "searchQuery" : "im the ",
    "searchInteractionURIs" : [
    ]
  },
  {
    "platform" : "IPHONE_ARM64",
    "searchTime" : "2024-09-17T20:52:02.354Z[UTC]",
    "searchQuery" : "im the m",
    "searchInteractionURIs" : [
    ]
  },
  {
    "platform" : "IPHONE",
    "searchTime" : "2024-09-17T20:52:02.893Z[UTC]",
    "searchQuery" : "im the man",
    "searchInteractionURIs" : [
      "spotify:track:3LmuxO8mh3wwIfRUqHJFFy",
      "spotify:track:7BDDX02cT4vV6tcDYpOEGj",
      "spotify:track:3LmuxO8mh3wwIfRUqHJFFy"
    ]
  },
  {
    "platform" : "IPHONE",
    "searchTime" : "2024-09-18T09:35:20.547Z[UTC]",
    "searchQuery" : "right ab",
    "searchInteractionURIs" : [
      "spotify:track:1kMuU3TNQvHbqvXCWBodmP"
    ]
  },
  {
    "platform" : "IPHONE_ARM64",
    "searchTime" : "2024-09-18T10:53:10.576Z[UTC]",
    "searchQuery" : "righ",
    "searchInteractionURIs" : [
    ]
  },
  {
    "platform" : "IPHONE_ARM64",
    "searchTime" : "2024-09-18T10:53:10.855Z[UTC]",
    "searchQuery" : "right ",
    "searchInteractionURIs" : [
    ]
  },
  {
    "platform" : "IPHONE_ARM64",
    "searchTime" : "2024-09-18T10:53:11.015Z[UTC]",
    "searchQuery" : "right a",
    "searchInteractionURIs" : [
    ]
  },
  {
    "platform" : "IPHONE",
    "searchTime" : "2024-09-18T10:53:11.098Z[UTC]",
    "searchQuery" : "right ab",
    "searchInteractionURIs" : [
      "spotify:track:1kMuU3TNQvHbqvXCWBodmP"
    ]
  },
  {
    "platform" : "IPHONE",
    "searchTime" : "2024-09-18T10:56:25.082Z[UTC]",
    "searchQuery" : "2000 ",
    "searchInteractionURIs" : [
      "spotify:playlist:0KwXTkwAFa6TkluZkNXhtB"
    ]
  },
  {
    "platform" : "IPHONE_ARM64",
    "searchTime" : "2024-09-18T18:57:13.085Z[UTC]",
    "searchQuery" : "s",
    "searchInteractionURIs" : [
    ]
  },
  {
    "platform" : "IPHONE",
    "searchTime" : "2024-09-18T18:57:14.801Z[UTC]",
    "searchQuery" : "sean paul",
    "searchInteractionURIs" : [
      "spotify:track:1BPybPVkDfUjFDvqG04l58",
      "spotify:track:48QmG1dfvMuYLxMPt7KSRA",
      "spotify:track:5AoswEmlPPrhAoErCm0Y0Y",
      "spotify:search:sean+paul"
    ]
  },
  {
    "platform" : "IPHONE_ARM64",
    "searchTime" : "2024-09-18T18:58:00.958Z[UTC]",
    "searchQuery" : "sean paul",
    "searchInteractionURIs" : [
    ]
  },
  {
    "platform" : "IPHONE",
    "searchTime" : "2024-09-18T18:58:02.224Z[UTC]",
    "searchQuery" : "sean paul",
    "searchInteractionURIs" : [
      "spotify:track:378iszndTZAR4dH8kwsLC6"
    ]
  },
  {
    "platform" : "IPHONE_ARM64",
    "searchTime" : "2024-09-19T10:56:35.891Z[UTC]",
    "searchQuery" : "r",
    "searchInteractionURIs" : [
    ]
  },
  {
    "platform" : "IPHONE",
    "searchTime" : "2024-09-19T10:56:36.454Z[UTC]",
    "searchQuery" : "righ",
    "searchInteractionURIs" : [
      "spotify:track:1kMuU3TNQvHbqvXCWBodmP"
    ]
  },
  {
    "platform" : "IPHONE",
    "searchTime" : "2024-09-19T11:48:47.840Z[UTC]",
    "searchQuery" : "eight ab",
    "searchInteractionURIs" : [
      "spotify:track:1kMuU3TNQvHbqvXCWBodmP"
    ]
  },
  {
    "platform" : "IPHONE_ARM64",
    "searchTime" : "2024-09-20T08:36:04.435Z[UTC]",
    "searchQuery" : "newar",
    "searchInteractionURIs" : [
    ]
  },
  {
    "platform" : "IPHONE",
    "searchTime" : "2024-09-20T08:36:04.943Z[UTC]",
    "searchQuery" : "neware",
    "searchInteractionURIs" : [
      "spotify:track:0fpVsdhxofrLCZL1CWETxa"
    ]
  },
  {
    "platform" : "IPHONE",
    "searchTime" : "2024-09-21T17:08:20.407Z[UTC]",
    "searchQuery" : "jcole",
    "searchInteractionURIs" : [
      "spotify:track:68Dni7IE4VyPkTOH9mRWHr"
    ]
  },
  {
    "platform" : "IPHONE",
    "searchTime" : "2024-09-21T18:32:27.962Z[UTC]",
    "searchQuery" : "ava",
    "searchInteractionURIs" : [
      "spotify:track:5i1ckaduJ5lMO5wRawsuMp"
    ]
  },
  {
    "platform" : "IPHONE_ARM64",
    "searchTime" : "2024-09-23T08:25:01.241Z[UTC]",
    "searchQuery" : "jc",
    "searchInteractionURIs" : [
    ]
  },
  {
    "platform" : "IPHONE",
    "searchTime" : "2024-09-23T08:25:01.558Z[UTC]",
    "searchQuery" : "jcole",
    "searchInteractionURIs" : [
      "spotify:track:4tqcoej1zPvwePZCzuAjJd"
    ]
  },
  {
    "platform" : "IPHONE",
    "searchTime" : "2024-09-23T08:33:40.449Z[UTC]",
    "searchQuery" : "no v",
    "searchInteractionURIs" : [
      "spotify:track:4wEbikMfcSFAukCbbL06si"
    ]
  },
  {
    "platform" : "IPHONE_ARM64",
    "searchTime" : "2024-09-23T08:37:17.651Z[UTC]",
    "searchQuery" : "r",
    "searchInteractionURIs" : [
    ]
  },
  {
    "platform" : "IPHONE",
    "searchTime" : "2024-09-23T08:37:18.515Z[UTC]",
    "searchQuery" : "rolemo",
    "searchInteractionURIs" : [
    ]
  },
  {
    "platform" : "IPHONE_ARM64",
    "searchTime" : "2024-09-23T08:37:20.249Z[UTC]",
    "searchQuery" : "role",
    "searchInteractionURIs" : [
    ]
  },
  {
    "platform" : "IPHONE",
    "searchTime" : "2024-09-23T08:37:20.561Z[UTC]",
    "searchQuery" : "rol",
    "searchInteractionURIs" : [
      "spotify:track:68Dni7IE4VyPkTOH9mRWHr"
    ]
  },
  {
    "platform" : "IPHONE",
    "searchTime" : "2024-09-23T09:36:57.620Z[UTC]",
    "searchQuery" : "right abo",
    "searchInteractionURIs" : [
      "spotify:track:1kMuU3TNQvHbqvXCWBodmP"
    ]
  },
  {
    "platform" : "IPHONE_ARM64",
    "searchTime" : "2024-09-23T11:26:00.583Z[UTC]",
    "searchQuery" : "rig",
    "searchInteractionURIs" : [
    ]
  },
  {
    "platform" : "IPHONE",
    "searchTime" : "2024-09-23T11:26:01.013Z[UTC]",
    "searchQuery" : "right",
    "searchInteractionURIs" : [
      "spotify:track:1kMuU3TNQvHbqvXCWBodmP"
    ]
  },
  {
    "platform" : "IPHONE_ARM64",
    "searchTime" : "2024-09-23T11:28:46.131Z[UTC]",
    "searchQuery" : "rolemode",
    "searchInteractionURIs" : [
    ]
  },
  {
    "platform" : "IPHONE_ARM64",
    "searchTime" : "2024-09-23T11:28:46.205Z[UTC]",
    "searchQuery" : "rolemodel",
    "searchInteractionURIs" : [
    ]
  },
  {
    "platform" : "IPHONE",
    "searchTime" : "2024-09-23T11:28:46.701Z[UTC]",
    "searchQuery" : "rolemodelz",
    "searchInteractionURIs" : [
      "spotify:track:68Dni7IE4VyPkTOH9mRWHr"
    ]
  },
  {
    "platform" : "IPHONE",
    "searchTime" : "2024-09-23T14:31:37.709Z[UTC]",
    "searchQuery" : "role",
    "searchInteractionURIs" : [
      "spotify:track:68Dni7IE4VyPkTOH9mRWHr"
    ]
  },
  {
    "platform" : "IPHONE",
    "searchTime" : "2024-09-23T15:51:18.640Z[UTC]",
    "searchQuery" : "modelz",
    "searchInteractionURIs" : [
      "spotify:track:68Dni7IE4VyPkTOH9mRWHr",
      "spotify:track:68Dni7IE4VyPkTOH9mRWHr"
    ]
  },
  {
    "platform" : "IPHONE_ARM64",
    "searchTime" : "2024-09-23T18:11:37.484Z[UTC]",
    "searchQuery" : "vaiuv",
    "searchInteractionURIs" : [
    ]
  },
  {
    "platform" : "IPHONE",
    "searchTime" : "2024-09-23T18:11:41.219Z[UTC]",
    "searchQuery" : "valokuvia",
    "searchInteractionURIs" : [
      "spotify:track:2zxuFXbIvsH7v9zVyEA43D"
    ]
  },
  {
    "platform" : "IPHONE",
    "searchTime" : "2024-09-24T13:58:55.954Z[UTC]",
    "searchQuery" : "modelx",
    "searchInteractionURIs" : [
      "spotify:track:68Dni7IE4VyPkTOH9mRWHr"
    ]
  },
  {
    "platform" : "IPHONE",
    "searchTime" : "2024-09-24T14:29:26.132Z[UTC]",
    "searchQuery" : "work out",
    "searchInteractionURIs" : [
      "spotify:track:2wAJTrFhCnQyNSD3oUgTZO"
    ]
  },
  {
    "platform" : "IPHONE",
    "searchTime" : "2024-09-24T18:12:39.468Z[UTC]",
    "searchQuery" : "modelz",
    "searchInteractionURIs" : [
      "spotify:track:68Dni7IE4VyPkTOH9mRWHr",
      "spotify:track:68Dni7IE4VyPkTOH9mRWHr"
    ]
  },
  {
    "platform" : "IPHONE",
    "searchTime" : "2024-09-24T21:56:16.984Z[UTC]",
    "searchQuery" : "it feels so",
    "searchInteractionURIs" : [
      "spotify:track:4Y8q64VnhD0vFYy9g2WFpi",
      "spotify:track:4Y8q64VnhD0vFYy9g2WFpi"
    ]
  },
  {
    "platform" : "IPHONE_ARM64",
    "searchTime" : "2024-09-25T10:19:16.854Z[UTC]",
    "searchQuery" : "mod",
    "searchInteractionURIs" : [
    ]
  },
  {
    "platform" : "IPHONE",
    "searchTime" : "2024-09-25T10:19:18.117Z[UTC]",
    "searchQuery" : "modelz",
    "searchInteractionURIs" : [
      "spotify:track:68Dni7IE4VyPkTOH9mRWHr"
    ]
  },
  {
    "platform" : "IPHONE",
    "searchTime" : "2024-09-25T10:48:06.724Z[UTC]",
    "searchQuery" : "stella",
    "searchInteractionURIs" : [
      "spotify:track:4WqsrF7TJMNcXpALt6amw6",
      "spotify:track:2nWAYmsTPSpza7X5tY6ZrH",
      "spotify:track:2nWAYmsTPSpza7X5tY6ZrH"
    ]
  },
  {
    "platform" : "IPHONE",
    "searchTime" : "2024-09-25T16:46:21.332Z[UTC]",
    "searchQuery" : "role modelz",
    "searchInteractionURIs" : [
      "spotify:track:68Dni7IE4VyPkTOH9mRWHr"
    ]
  },
  {
    "platform" : "IPHONE",
    "searchTime" : "2024-09-25T20:32:51.150Z[UTC]",
    "searchQuery" : "no role",
    "searchInteractionURIs" : [
      "spotify:track:68Dni7IE4VyPkTOH9mRWHr",
      "spotify:track:4tqcoej1zPvwePZCzuAjJd",
      "spotify:track:74tLlkN3rgVzRqQJgPfink"
    ]
  },
  {
    "platform" : "",
    "searchTime" : "2024-09-26T07:56:30.844Z[UTC]",
    "searchQuery" : "no r",
    "searchInteractionURIs" : [
    ]
  },
  {
    "platform" : "",
    "searchTime" : "2024-09-26T07:56:30.908Z[UTC]",
    "searchQuery" : "no r",
    "searchInteractionURIs" : [
    ]
  },
  {
    "platform" : "IPHONE",
    "searchTime" : "2024-09-26T07:56:31.397Z[UTC]",
    "searchQuery" : "no role ",
    "searchInteractionURIs" : [
      "spotify:track:68Dni7IE4VyPkTOH9mRWHr"
    ]
  },
  {
    "platform" : "",
    "searchTime" : "2024-09-26T10:45:50.519Z[UTC]",
    "searchQuery" : "no rodl",
    "searchInteractionURIs" : [
    ]
  },
  {
    "platform" : "",
    "searchTime" : "2024-09-26T10:45:50.576Z[UTC]",
    "searchQuery" : "no rol",
    "searchInteractionURIs" : [
    ]
  },
  {
    "platform" : "",
    "searchTime" : "2024-09-26T10:45:50.593Z[UTC]",
    "searchQuery" : "no rodl",
    "searchInteractionURIs" : [
    ]
  },
  {
    "platform" : "IPHONE",
    "searchTime" : "2024-09-26T10:45:51.493Z[UTC]",
    "searchQuery" : "no role ",
    "searchInteractionURIs" : [
      "spotify:track:68Dni7IE4VyPkTOH9mRWHr"
    ]
  },
  {
    "platform" : "",
    "searchTime" : "2024-09-26T12:53:09.361Z[UTC]",
    "searchQuery" : "o",
    "searchInteractionURIs" : [
    ]
  },
  {
    "platform" : "",
    "searchTime" : "2024-09-26T12:53:09.425Z[UTC]",
    "searchQuery" : "o",
    "searchInteractionURIs" : [
    ]
  },
  {
    "platform" : "IPHONE",
    "searchTime" : "2024-09-26T12:53:11.688Z[UTC]",
    "searchQuery" : "mo vas",
    "searchInteractionURIs" : [
      "spotify:track:4wEbikMfcSFAukCbbL06si"
    ]
  },
  {
    "platform" : "IPHONE",
    "searchTime" : "2024-09-26T12:53:17.001Z[UTC]",
    "searchQuery" : "modelz",
    "searchInteractionURIs" : [
      "spotify:track:68Dni7IE4VyPkTOH9mRWHr"
    ]
  },
  {
    "platform" : "IPHONE",
    "searchTime" : "2024-09-26T13:03:59.418Z[UTC]",
    "searchQuery" : "right a",
    "searchInteractionURIs" : [
      "spotify:track:1kMuU3TNQvHbqvXCWBodmP"
    ]
  },
  {
    "platform" : "",
    "searchTime" : "2024-09-26T15:02:00.731Z[UTC]",
    "searchQuery" : "ha",
    "searchInteractionURIs" : [
    ]
  },
  {
    "platform" : "",
    "searchTime" : "2024-09-26T15:02:00.784Z[UTC]",
    "searchQuery" : "ha",
    "searchInteractionURIs" : [
    ]
  },
  {
    "platform" : "IPHONE",
    "searchTime" : "2024-09-26T15:02:01.289Z[UTC]",
    "searchQuery" : "haloo",
    "searchInteractionURIs" : [
      "spotify:artist:0JTMRuiDzOCjWuYtWMgv2s"
    ]
  },
  {
    "platform" : "IPHONE",
    "searchTime" : "2024-09-30T15:47:34.214Z[UTC]",
    "searchQuery" : "ava",
    "searchInteractionURIs" : [
      "spotify:track:5i1ckaduJ5lMO5wRawsuMp"
    ]
  },
  {
    "platform" : "IPHONE",
    "searchTime" : "2024-09-30T15:47:41.525Z[UTC]",
    "searchQuery" : "modelz",
    "searchInteractionURIs" : [
      "spotify:track:68Dni7IE4VyPkTOH9mRWHr"
    ]
  },
  {
    "platform" : "",
    "searchTime" : "2024-10-04T12:59:25.498Z[UTC]",
    "searchQuery" : "mode",
    "searchInteractionURIs" : [
    ]
  },
  {
    "platform" : "",
    "searchTime" : "2024-10-04T12:59:25.552Z[UTC]",
    "searchQuery" : "mode",
    "searchInteractionURIs" : [
    ]
  },
  {
    "platform" : "IPHONE",
    "searchTime" : "2024-10-04T12:59:26.268Z[UTC]",
    "searchQuery" : "modelz",
    "searchInteractionURIs" : [
      "spotify:track:68Dni7IE4VyPkTOH9mRWHr"
    ]
  },
  {
    "platform" : "IPHONE",
    "searchTime" : "2024-10-04T17:18:27.423Z[UTC]",
    "searchQuery" : "dingo",
    "searchInteractionURIs" : [
      "spotify:track:30Ycic1p43sN4KlzK9MX4G",
      "spotify:track:2jr9tw0n5WoDtNn72Gjrma",
      "spotify:track:6gZiWkvxlNl6DSZkp58p4d",
      "spotify:track:4a5mAtgWnNzFiLg7CWe02q",
      "spotify:track:7nDfw7c4jLGlzGvhbzqgLe",
      "spotify:track:7GS00C0Tw2PCfzUqNqcUQ7",
      "spotify:track:2TabexwZxK4QaQXaMmLkDh"
    ]
  },
  {
    "platform" : "IPHONE",
    "searchTime" : "2024-10-04T17:19:27.529Z[UTC]",
    "searchQuery" : "sankari",
    "searchInteractionURIs" : [
      "spotify:track:3C2Ot6EiZOyDdzPF2uCjTO",
      "spotify:track:2N2vT7prULYdnOeqA0XBDy"
    ]
  },
  {
    "platform" : "IPHONE",
    "searchTime" : "2024-10-04T23:26:54.010Z[UTC]",
    "searchQuery" : "no rooe",
    "searchInteractionURIs" : [
      "spotify:track:68Dni7IE4VyPkTOH9mRWHr"
    ]
  },
  {
    "platform" : "",
    "searchTime" : "2024-10-05T00:00:47.162Z[UTC]",
    "searchQuery" : "\"p\"",
    "searchInteractionURIs" : [
    ]
  },
  {
    "platform" : "",
    "searchTime" : "2024-10-05T00:00:47.792Z[UTC]",
    "searchQuery" : "\"pa\"",
    "searchInteractionURIs" : [
    ]
  },
  {
    "platform" : "",
    "searchTime" : "2024-10-05T00:00:47.980Z[UTC]",
    "searchQuery" : "\"par\"",
    "searchInteractionURIs" : [
    ]
  },
  {
    "platform" : "",
    "searchTime" : "2024-10-05T00:00:48.094Z[UTC]",
    "searchQuery" : "\"para\"",
    "searchInteractionURIs" : [
    ]
  },
  {
    "platform" : "",
    "searchTime" : "2024-10-05T00:00:48.225Z[UTC]",
    "searchQuery" : "\"parat\"",
    "searchInteractionURIs" : [
    ]
  },
  {
    "platform" : "",
    "searchTime" : "2024-10-05T00:00:48.437Z[UTC]",
    "searchQuery" : "\"parati\"",
    "searchInteractionURIs" : [
    ]
  },
  {
    "platform" : "",
    "searchTime" : "2024-10-05T00:00:48.614Z[UTC]",
    "searchQuery" : "\"paratii\"",
    "searchInteractionURIs" : [
    ]
  },
  {
    "platform" : "",
    "searchTime" : "2024-10-05T00:00:48.674Z[UTC]",
    "searchQuery" : "\"paratiis\"",
    "searchInteractionURIs" : [
    ]
  },
  {
    "platform" : "",
    "searchTime" : "2024-10-05T00:00:48.756Z[UTC]",
    "searchQuery" : "\"paratiisi\"",
    "searchInteractionURIs" : [
    ]
  },
  {
    "platform" : "",
    "searchTime" : "2024-10-05T00:02:40.853Z[UTC]",
    "searchQuery" : "\"aamu\"",
    "searchInteractionURIs" : [
    ]
  },
  {
    "platform" : "",
    "searchTime" : "2024-10-05T00:04:42.802Z[UTC]",
    "searchQuery" : "\"v\"",
    "searchInteractionURIs" : [
    ]
  },
  {
    "platform" : "",
    "searchTime" : "2024-10-05T00:04:43.024Z[UTC]",
    "searchQuery" : "\"vi\"",
    "searchInteractionURIs" : [
    ]
  },
  {
    "platform" : "",
    "searchTime" : "2024-10-05T00:04:43.141Z[UTC]",
    "searchQuery" : "\"vie\"",
    "searchInteractionURIs" : [
    ]
  },
  {
    "platform" : "",
    "searchTime" : "2024-10-05T00:04:43.231Z[UTC]",
    "searchQuery" : "\"vie \"",
    "searchInteractionURIs" : [
    ]
  },
  {
    "platform" : "",
    "searchTime" : "2024-10-05T00:04:43.396Z[UTC]",
    "searchQuery" : "\"vie m\"",
    "searchInteractionURIs" : [
    ]
  },
  {
    "platform" : "",
    "searchTime" : "2024-10-05T00:04:43.547Z[UTC]",
    "searchQuery" : "\"vie mu\"",
    "searchInteractionURIs" : [
    ]
  },
  {
    "platform" : "",
    "searchTime" : "2024-10-05T00:04:43.715Z[UTC]",
    "searchQuery" : "\"vie mut\"",
    "searchInteractionURIs" : [
    ]
  },
  {
    "platform" : "IPHONE",
    "searchTime" : "2024-10-05T12:30:33.510Z[UTC]",
    "searchQuery" : "mac mi",
    "searchInteractionURIs" : [
      "spotify:track:6Aa7aDayiQHnUw1dUvdneZ",
      "spotify:track:1sVJY4n3fJOcrSiTA8oAos"
    ]
  },
  {
    "platform" : "IPHONE",
    "searchTime" : "2024-10-05T13:28:53.746Z[UTC]",
    "searchQuery" : "buru",
    "searchInteractionURIs" : [
      "spotify:track:1p1nO35bbi4ZlQgjIA4oa4",
      "spotify:track:1p1nO35bbi4ZlQgjIA4oa4"
    ]
  },
  {
    "platform" : "",
    "searchTime" : "2024-10-05T13:38:32.889Z[UTC]",
    "searchQuery" : "roe od",
    "searchInteractionURIs" : [
    ]
  },
  {
    "platform" : "",
    "searchTime" : "2024-10-05T13:38:32.890Z[UTC]",
    "searchQuery" : "roe od",
    "searchInteractionURIs" : [
    ]
  },
  {
    "platform" : "IPHONE",
    "searchTime" : "2024-10-05T13:38:36.410Z[UTC]",
    "searchQuery" : "role mod",
    "searchInteractionURIs" : [
      "spotify:track:68Dni7IE4VyPkTOH9mRWHr"
    ]
  },
  {
    "platform" : "IPHONE",
    "searchTime" : "2024-10-11T09:44:49.406Z[UTC]",
    "searchQuery" : "modelz",
    "searchInteractionURIs" : [
      "spotify:track:68Dni7IE4VyPkTOH9mRWHr"
    ]
  },
  {
    "platform" : "",
    "searchTime" : "2024-10-11T09:44:53.491Z[UTC]",
    "searchQuery" : "jc",
    "searchInteractionURIs" : [
    ]
  },
  {
    "platform" : "",
    "searchTime" : "2024-10-11T09:44:53.564Z[UTC]",
    "searchQuery" : "jc",
    "searchInteractionURIs" : [
    ]
  },
  {
    "platform" : "IPHONE",
    "searchTime" : "2024-10-11T09:44:53.925Z[UTC]",
    "searchQuery" : "jcole",
    "searchInteractionURIs" : [
      "spotify:artist:6l3HvQ5sa6mXTsMTB19rO5"
    ]
  },
  {
    "platform" : "IPHONE",
    "searchTime" : "2024-10-11T16:01:20.203Z[UTC]",
    "searchQuery" : "murheel",
    "searchInteractionURIs" : [
      "spotify:track:1tD1z5KaELIMNyQyCNdDNi",
      "spotify:track:1tD1z5KaELIMNyQyCNdDNi"
    ]
  },
  {
    "platform" : "IPHONE",
    "searchTime" : "2024-10-12T14:50:29.139Z[UTC]",
    "searchQuery" : "modelz",
    "searchInteractionURIs" : [
      "spotify:track:68Dni7IE4VyPkTOH9mRWHr"
    ]
  },
  {
    "platform" : "IPHONE",
    "searchTime" : "2024-10-12T14:50:38.154Z[UTC]",
    "searchQuery" : "murhell",
    "searchInteractionURIs" : [
      "spotify:track:1tD1z5KaELIMNyQyCNdDNi"
    ]
  },
  {
    "platform" : "IPHONE",
    "searchTime" : "2024-10-13T12:57:14.628Z[UTC]",
    "searchQuery" : "69",
    "searchInteractionURIs" : [
      "spotify:track:40LaNujg5lvImKt0N4xDge",
      "spotify:track:2HBtd9MYDd2xDVu8Zc6pwt",
      "spotify:track:6FPxVmp66GVKkVvfiBWly4"
    ]
  },
  {
    "platform" : "IPHONE",
    "searchTime" : "2024-10-13T13:23:34.105Z[UTC]",
    "searchQuery" : "shabooze",
    "searchInteractionURIs" : [
      "spotify:artist:3y2cIKLjiOlp1Np37WiUdH"
    ]
  },
  {
    "platform" : "IPHONE",
    "searchTime" : "2024-10-13T16:30:23.028Z[UTC]",
    "searchQuery" : "no rol",
    "searchInteractionURIs" : [
      "spotify:track:68Dni7IE4VyPkTOH9mRWHr"
    ]
  },
  {
    "platform" : "",
    "searchTime" : "2024-10-14T09:44:39.312Z[UTC]",
    "searchQuery" : "l",
    "searchInteractionURIs" : [
    ]
  },
  {
    "platform" : "",
    "searchTime" : "2024-10-14T09:44:39.403Z[UTC]",
    "searchQuery" : "l",
    "searchInteractionURIs" : [
    ]
  },
  {
    "platform" : "IPHONE_ARM64",
    "searchTime" : "2024-10-14T09:44:40.157Z[UTC]",
    "searchQuery" : "r",
    "searchInteractionURIs" : [
    ]
  },
  {
    "platform" : "IPHONE",
    "searchTime" : "2024-10-14T09:44:41.055Z[UTC]",
    "searchQuery" : "rooe mod",
    "searchInteractionURIs" : [
      "spotify:track:68Dni7IE4VyPkTOH9mRWHr"
    ]
  },
  {
    "platform" : "",
    "searchTime" : "2024-10-15T09:13:30.642Z[UTC]",
    "searchQuery" : "beat ",
    "searchInteractionURIs" : [
    ]
  },
  {
    "platform" : "",
    "searchTime" : "2024-10-15T09:13:30.736Z[UTC]",
    "searchQuery" : "beat ",
    "searchInteractionURIs" : [
    ]
  },
  {
    "platform" : "",
    "searchTime" : "2024-10-15T09:13:30.841Z[UTC]",
    "searchQuery" : "beat i",
    "searchInteractionURIs" : [
    ]
  },
  {
    "platform" : "",
    "searchTime" : "2024-10-15T09:13:30.955Z[UTC]",
    "searchQuery" : "beat i",
    "searchInteractionURIs" : [
    ]
  },
  {
    "platform" : "IPHONE",
    "searchTime" : "2024-10-15T09:13:31.381Z[UTC]",
    "searchQuery" : "beat it",
    "searchInteractionURIs" : [
      "spotify:track:1OOtq8tRnDM8kG2gqUPjAj",
      "spotify:track:2bCQHF9gdG5BNDVuEIEnNk"
    ]
  },
  {
    "platform" : "",
    "searchTime" : "2024-10-15T09:27:05.281Z[UTC]",
    "searchQuery" : "s",
    "searchInteractionURIs" : [
    ]
  },
  {
    "platform" : "",
    "searchTime" : "2024-10-15T09:27:05.374Z[UTC]",
    "searchQuery" : "s",
    "searchInteractionURIs" : [
    ]
  },
  {
    "platform" : "IPHONE",
    "searchTime" : "2024-10-15T09:27:07.065Z[UTC]",
    "searchQuery" : "swater",
    "searchInteractionURIs" : [
      "spotify:track:2QjOHCTQ1Jl3zawyYOpxh6"
    ]
  },
  {
    "platform" : "",
    "searchTime" : "2024-10-15T09:34:29.986Z[UTC]",
    "searchQuery" : "stol",
    "searchInteractionURIs" : [
    ]
  },
  {
    "platform" : "",
    "searchTime" : "2024-10-15T09:34:30.051Z[UTC]",
    "searchQuery" : "stol",
    "searchInteractionURIs" : [
    ]
  },
  {
    "platform" : "",
    "searchTime" : "2024-10-15T09:34:30.163Z[UTC]",
    "searchQuery" : "stolen",
    "searchInteractionURIs" : [
    ]
  },
  {
    "platform" : "",
    "searchTime" : "2024-10-15T09:34:30.226Z[UTC]",
    "searchQuery" : "stolen",
    "searchInteractionURIs" : [
    ]
  },
  {
    "platform" : "IPHONE",
    "searchTime" : "2024-10-15T09:34:30.895Z[UTC]",
    "searchQuery" : "stolen da",
    "searchInteractionURIs" : [
      "spotify:track:34xGLuxM0rkxhCVyMSqwJO"
    ]
  },
  {
    "platform" : "",
    "searchTime" : "2024-10-15T09:34:34.819Z[UTC]",
    "searchQuery" : "airpl",
    "searchInteractionURIs" : [
    ]
  },
  {
    "platform" : "",
    "searchTime" : "2024-10-15T09:34:34.862Z[UTC]",
    "searchQuery" : "airpl",
    "searchInteractionURIs" : [
    ]
  },
  {
    "platform" : "IPHONE",
    "searchTime" : "2024-10-15T09:34:35.184Z[UTC]",
    "searchQuery" : "airpla",
    "searchInteractionURIs" : [
      "spotify:track:2bnDTGikdoO8CwzlAPyBHR",
      "spotify:track:1ixbwbeBi5ufN4noUKmW5a",
      "spotify:track:2bnDTGikdoO8CwzlAPyBHR"
    ]
  },
  {
    "platform" : "IPHONE",
    "searchTime" : "2024-10-15T19:04:57.473Z[UTC]",
    "searchQuery" : "bri",
    "searchInteractionURIs" : [
      "spotify:track:0COqiPhxzoWICwFCS4eZcp"
    ]
  },
  {
    "platform" : "",
    "searchTime" : "2024-10-15T19:05:21.485Z[UTC]",
    "searchQuery" : "bring m",
    "searchInteractionURIs" : [
    ]
  },
  {
    "platform" : "",
    "searchTime" : "2024-10-15T19:05:21.583Z[UTC]",
    "searchQuery" : "bring m",
    "searchInteractionURIs" : [
    ]
  },
  {
    "platform" : "IPHONE",
    "searchTime" : "2024-10-15T19:05:21.769Z[UTC]",
    "searchQuery" : "bring me",
    "searchInteractionURIs" : [
      "spotify:track:0COqiPhxzoWICwFCS4eZcp"
    ]
  },
  {
    "platform" : "IPHONE",
    "searchTime" : "2024-10-15T19:23:03.492Z[UTC]",
    "searchQuery" : "diary od",
    "searchInteractionURIs" : [
      "spotify:track:0faXHILILebCGnJBPU6KJJ"
    ]
  },
  {
    "platform" : "",
    "searchTime" : "2024-10-16T14:27:55.854Z[UTC]",
    "searchQuery" : "ait",
    "searchInteractionURIs" : [
    ]
  },
  {
    "platform" : "",
    "searchTime" : "2024-10-16T14:27:55.906Z[UTC]",
    "searchQuery" : "ait",
    "searchInteractionURIs" : [
    ]
  },
  {
    "platform" : "IPHONE",
    "searchTime" : "2024-10-16T14:27:58.834Z[UTC]",
    "searchQuery" : "airpl",
    "searchInteractionURIs" : [
      "spotify:track:2bnDTGikdoO8CwzlAPyBHR"
    ]
  },
  {
    "platform" : "",
    "searchTime" : "2024-10-17T10:05:03.673Z[UTC]",
    "searchQuery" : "poikkeu",
    "searchInteractionURIs" : [
    ]
  },
  {
    "platform" : "",
    "searchTime" : "2024-10-17T10:05:03.693Z[UTC]",
    "searchQuery" : "poikkeu",
    "searchInteractionURIs" : [
    ]
  },
  {
    "platform" : "IPHONE",
    "searchTime" : "2024-10-17T10:05:03.905Z[UTC]",
    "searchQuery" : "poikkeus",
    "searchInteractionURIs" : [
      "spotify:track:0xKwspALAVMED8bZhWNNW4",
      "spotify:track:0xKwspALAVMED8bZhWNNW4"
    ]
  },
  {
    "platform" : "IPHONE",
    "searchTime" : "2024-10-17T11:35:16.958Z[UTC]",
    "searchQuery" : "swar",
    "searchInteractionURIs" : [
      "spotify:track:2QjOHCTQ1Jl3zawyYOpxh6"
    ]
  },
  {
    "platform" : "IPHONE",
    "searchTime" : "2024-10-17T11:35:20.389Z[UTC]",
    "searchQuery" : "can ",
    "searchInteractionURIs" : [
      "spotify:track:58wyJLv6yH1La9NIZPl3ne"
    ]
  },
  {
    "platform" : "IPHONE",
    "searchTime" : "2024-10-17T12:11:14.278Z[UTC]",
    "searchQuery" : "middle",
    "searchInteractionURIs" : [
      "spotify:track:2JvzF1RMd7lE3KmFlsyZD8"
    ]
  },
  {
    "platform" : "",
    "searchTime" : "2024-10-17T13:55:35.985Z[UTC]",
    "searchQuery" : "m",
    "searchInteractionURIs" : [
    ]
  },
  {
    "platform" : "",
    "searchTime" : "2024-10-17T13:55:36.299Z[UTC]",
    "searchQuery" : "m",
    "searchInteractionURIs" : [
    ]
  },
  {
    "platform" : "IPHONE",
    "searchTime" : "2024-10-17T13:55:37.334Z[UTC]",
    "searchQuery" : "middle",
    "searchInteractionURIs" : [
      "spotify:track:2JvzF1RMd7lE3KmFlsyZD8"
    ]
  },
  {
    "platform" : "IPHONE",
    "searchTime" : "2024-10-17T13:55:44.836Z[UTC]",
    "searchQuery" : "no role",
    "searchInteractionURIs" : [
      "spotify:track:68Dni7IE4VyPkTOH9mRWHr"
    ]
  },
  {
    "platform" : "",
    "searchTime" : "2024-10-17T20:33:25.360Z[UTC]",
    "searchQuery" : "juice l",
    "searchInteractionURIs" : [
    ]
  },
  {
    "platform" : "",
    "searchTime" : "2024-10-17T20:33:25.427Z[UTC]",
    "searchQuery" : "juice l",
    "searchInteractionURIs" : [
    ]
  },
  {
    "platform" : "IPHONE",
    "searchTime" : "2024-10-17T20:33:34.082Z[UTC]",
    "searchQuery" : "juice leskinen",
    "searchInteractionURIs" : [
      "spotify:playlist:4ILvVgH2BnRvClF1t4N5Kl",
      "spotify:track:3wUFbew3kMTADcVQqErcDW",
      "spotify:track:6JbP0ui7aazTg8LgWv6Elk"
    ]
  },
  {
    "platform" : "",
    "searchTime" : "2024-10-17T20:33:57.716Z[UTC]",
    "searchQuery" : "juice leskinen",
    "searchInteractionURIs" : [
    ]
  },
  {
    "platform" : "ANDROID",
    "searchTime" : "2024-10-20T00:31:16.697Z[UTC]",
    "searchQuery" : "creed",
    "searchInteractionURIs" : [
      "spotify:artist:43sZBwHjahUvgbx1WNIkIz"
    ]
  },
  {
    "platform" : "IPHONE",
    "searchTime" : "2024-10-23T03:39:21.582Z[UTC]",
    "searchQuery" : "köyä",
    "searchInteractionURIs" : [
      "spotify:track:5ZRAuTzDTYKUiMXvYR2v9T"
    ]
  },
  {
    "platform" : "",
    "searchTime" : "2024-10-26T21:50:07.353Z[UTC]",
    "searchQuery" : "m",
    "searchInteractionURIs" : [
    ]
  },
  {
    "platform" : "",
    "searchTime" : "2024-10-26T21:50:07.442Z[UTC]",
    "searchQuery" : "m",
    "searchInteractionURIs" : [
    ]
  },
  {
    "platform" : "",
    "searchTime" : "2024-10-26T21:50:07.586Z[UTC]",
    "searchQuery" : "mo",
    "searchInteractionURIs" : [
    ]
  },
  {
    "platform" : "",
    "searchTime" : "2024-10-26T21:50:07.680Z[UTC]",
    "searchQuery" : "mo",
    "searchInteractionURIs" : [
    ]
  },
  {
    "platform" : "IPHONE",
    "searchTime" : "2024-10-26T21:50:08.553Z[UTC]",
    "searchQuery" : "modelz",
    "searchInteractionURIs" : [
      "spotify:track:68Dni7IE4VyPkTOH9mRWHr"
    ]
  },
  {
    "platform" : "IPHONE",
    "searchTime" : "2024-10-26T23:53:07.944Z[UTC]",
    "searchQuery" : "alord",
    "searchInteractionURIs" : [
      "spotify:track:4I2ENHg65RuKifEHdD0kMu"
    ]
  },
  {
    "platform" : "IPHONE",
    "searchTime" : "2024-10-27T03:05:02.748Z[UTC]",
    "searchQuery" : "call on",
    "searchInteractionURIs" : [
      "spotify:track:1As4KC3YYpu89aBt7EqL2m"
    ]
  },
  {
    "platform" : "",
    "searchTime" : "2024-10-28T04:46:29.560Z[UTC]",
    "searchQuery" : "av",
    "searchInteractionURIs" : [
    ]
  },
  {
    "platform" : "",
    "searchTime" : "2024-10-28T04:46:29.635Z[UTC]",
    "searchQuery" : "av",
    "searchInteractionURIs" : [
    ]
  },
  {
    "platform" : "IPHONE",
    "searchTime" : "2024-10-28T04:46:29.996Z[UTC]",
    "searchQuery" : "ava",
    "searchInteractionURIs" : [
      "spotify:track:5i1ckaduJ5lMO5wRawsuMp",
      "spotify:track:5i1ckaduJ5lMO5wRawsuMp"
    ]
  },
  {
    "platform" : "IPHONE",
    "searchTime" : "2024-10-28T10:52:31.594Z[UTC]",
    "searchQuery" : "angel",
    "searchInteractionURIs" : [
      "spotify:track:2qJkesdHu9sMMVFgkRkqhQ",
      "spotify:track:3xZMPZQYETEn4hjor3TR1A"
    ]
  },
  {
    "platform" : "IPHONE",
    "searchTime" : "2024-10-28T10:53:03.779Z[UTC]",
    "searchQuery" : "darling angel",
    "searchInteractionURIs" : [
      "spotify:track:7FDV5ELOJHCGLe52AnttEd"
    ]
  },
  {
    "platform" : "IPHONE",
    "searchTime" : "2024-10-28T10:53:32.622Z[UTC]",
    "searchQuery" : "angel cover",
    "searchInteractionURIs" : [
      "spotify:track:3UvRENnoJubgs5lXiHIl9F"
    ]
  },
  {
    "platform" : "IPHONE",
    "searchTime" : "2024-10-29T05:56:02.254Z[UTC]",
    "searchQuery" : "no role",
    "searchInteractionURIs" : [
      "spotify:track:68Dni7IE4VyPkTOH9mRWHr"
    ]
  },
  {
    "platform" : "",
    "searchTime" : "2024-10-31T02:53:02.855Z[UTC]",
    "searchQuery" : "no r",
    "searchInteractionURIs" : [
    ]
  },
  {
    "platform" : "",
    "searchTime" : "2024-10-31T02:53:02.911Z[UTC]",
    "searchQuery" : "no r",
    "searchInteractionURIs" : [
    ]
  },
  {
    "platform" : "IPHONE",
    "searchTime" : "2024-10-31T02:53:03.664Z[UTC]",
    "searchQuery" : "no ro",
    "searchInteractionURIs" : [
      "spotify:track:68Dni7IE4VyPkTOH9mRWHr"
    ]
  },
  {
    "platform" : "IPHONE",
    "searchTime" : "2024-10-31T10:58:16.707Z[UTC]",
    "searchQuery" : "no r",
    "searchInteractionURIs" : [
      "spotify:track:68Dni7IE4VyPkTOH9mRWHr",
      "spotify:track:4tqcoej1zPvwePZCzuAjJd",
      "spotify:track:4EWCNWgDS8707fNSZ1oaA5"
    ]
  },
  {
    "platform" : "IPHONE",
    "searchTime" : "2024-10-31T13:19:09.778Z[UTC]",
    "searchQuery" : "no role",
    "searchInteractionURIs" : [
      "spotify:track:68Dni7IE4VyPkTOH9mRWHr"
    ]
  },
  {
    "platform" : "",
    "searchTime" : "2024-11-01T02:30:57.234Z[UTC]",
    "searchQuery" : "midd",
    "searchInteractionURIs" : [
    ]
  },
  {
    "platform" : "",
    "searchTime" : "2024-11-01T02:30:57.309Z[UTC]",
    "searchQuery" : "midd",
    "searchInteractionURIs" : [
    ]
  },
  {
    "platform" : "IPHONE",
    "searchTime" : "2024-11-01T02:30:57.756Z[UTC]",
    "searchQuery" : "middl",
    "searchInteractionURIs" : [
      "spotify:track:2JvzF1RMd7lE3KmFlsyZD8"
    ]
  },
  {
    "platform" : "IPHONE",
    "searchTime" : "2024-11-01T02:31:02.925Z[UTC]",
    "searchQuery" : "wet de",
    "searchInteractionURIs" : [
    ]
  },
  {
    "platform" : "IPHONE",
    "searchTime" : "2024-11-01T02:31:02.967Z[UTC]",
    "searchQuery" : "wet d",
    "searchInteractionURIs" : [
      "spotify:track:4tqcoej1zPvwePZCzuAjJd"
    ]
  },
  {
    "platform" : "",
    "searchTime" : "2024-11-01T02:31:05.794Z[UTC]",
    "searchQuery" : "no r",
    "searchInteractionURIs" : [
    ]
  },
  {
    "platform" : "",
    "searchTime" : "2024-11-01T02:31:05.863Z[UTC]",
    "searchQuery" : "no r",
    "searchInteractionURIs" : [
    ]
  },
  {
    "platform" : "IPHONE",
    "searchTime" : "2024-11-01T02:31:06.132Z[UTC]",
    "searchQuery" : "no role",
    "searchInteractionURIs" : [
      "spotify:track:68Dni7IE4VyPkTOH9mRWHr"
    ]
  },
  {
    "platform" : "",
    "searchTime" : "2024-11-01T02:52:46.434Z[UTC]",
    "searchQuery" : "enpire st",
    "searchInteractionURIs" : [
    ]
  },
  {
    "platform" : "",
    "searchTime" : "2024-11-01T02:52:46.449Z[UTC]",
    "searchQuery" : "enpire st",
    "searchInteractionURIs" : [
    ]
  },
  {
    "platform" : "",
    "searchTime" : "2024-11-01T02:52:46.510Z[UTC]",
    "searchQuery" : "empire st",
    "searchInteractionURIs" : [
    ]
  },
  {
    "platform" : "IPHONE",
    "searchTime" : "2024-11-01T02:52:46.781Z[UTC]",
    "searchQuery" : "enpire sta",
    "searchInteractionURIs" : [
      "spotify:track:2igwFfvr1OAGX9SKDCPBwO",
      "spotify:track:2igwFfvr1OAGX9SKDCPBwO"
    ]
  },
  {
    "platform" : "",
    "searchTime" : "2024-11-01T04:30:59.349Z[UTC]",
    "searchQuery" : "ca",
    "searchInteractionURIs" : [
    ]
  },
  {
    "platform" : "",
    "searchTime" : "2024-11-01T04:30:59.429Z[UTC]",
    "searchQuery" : "ca",
    "searchInteractionURIs" : [
    ]
  },
  {
    "platform" : "",
    "searchTime" : "2024-11-01T04:31:05.442Z[UTC]",
    "searchQuery" : "can we",
    "searchInteractionURIs" : [
    ]
  },
  {
    "platform" : "",
    "searchTime" : "2024-11-01T04:31:05.524Z[UTC]",
    "searchQuery" : "can we",
    "searchInteractionURIs" : [
    ]
  },
  {
    "platform" : "IPHONE",
    "searchTime" : "2024-11-01T04:31:05.666Z[UTC]",
    "searchQuery" : "can we ",
    "searchInteractionURIs" : [
      "spotify:track:58wyJLv6yH1La9NIZPl3ne"
    ]
  },
  {
    "platform" : "IPHONE",
    "searchTime" : "2024-11-01T04:31:10.891Z[UTC]",
    "searchQuery" : "ava",
    "searchInteractionURIs" : [
      "spotify:track:5i1ckaduJ5lMO5wRawsuMp"
    ]
  },
  {
    "platform" : "",
    "searchTime" : "2024-11-01T08:45:54.787Z[UTC]",
    "searchQuery" : "p",
    "searchInteractionURIs" : [
    ]
  },
  {
    "platform" : "",
    "searchTime" : "2024-11-01T08:45:54.863Z[UTC]",
    "searchQuery" : "p",
    "searchInteractionURIs" : [
    ]
  },
  {
    "platform" : "IPHONE",
    "searchTime" : "2024-11-01T08:45:56.247Z[UTC]",
    "searchQuery" : "pitbull",
    "searchInteractionURIs" : [
      "spotify:track:62zFEHfAYl5kdHYOivj4BC"
    ]
  },
  {
    "platform" : "",
    "searchTime" : "2024-11-02T07:58:14.090Z[UTC]",
    "searchQuery" : "n",
    "searchInteractionURIs" : [
    ]
  },
  {
    "platform" : "",
    "searchTime" : "2024-11-02T07:58:14.165Z[UTC]",
    "searchQuery" : "n",
    "searchInteractionURIs" : [
    ]
  },
  {
    "platform" : "",
    "searchTime" : "2024-11-02T07:58:14.867Z[UTC]",
    "searchQuery" : "no",
    "searchInteractionURIs" : [
    ]
  },
  {
    "platform" : "",
    "searchTime" : "2024-11-02T07:58:14.935Z[UTC]",
    "searchQuery" : "no",
    "searchInteractionURIs" : [
    ]
  },
  {
    "platform" : "IPHONE",
    "searchTime" : "2024-11-02T07:58:15.757Z[UTC]",
    "searchQuery" : "no role",
    "searchInteractionURIs" : [
      "spotify:track:68Dni7IE4VyPkTOH9mRWHr",
      "spotify:track:2JvzF1RMd7lE3KmFlsyZD8",
      "spotify:track:4tqcoej1zPvwePZCzuAjJd"
    ]
  },
  {
    "platform" : "",
    "searchTime" : "2024-11-04T05:51:41.070Z[UTC]",
    "searchQuery" : "a",
    "searchInteractionURIs" : [
    ]
  },
  {
    "platform" : "",
    "searchTime" : "2024-11-04T05:51:41.184Z[UTC]",
    "searchQuery" : "a",
    "searchInteractionURIs" : [
    ]
  },
  {
    "platform" : "IPHONE",
    "searchTime" : "2024-11-04T05:51:41.520Z[UTC]",
    "searchQuery" : "ava",
    "searchInteractionURIs" : [
      "spotify:track:5i1ckaduJ5lMO5wRawsuMp"
    ]
  },
  {
    "platform" : "",
    "searchTime" : "2024-11-04T05:51:44.461Z[UTC]",
    "searchQuery" : "midd",
    "searchInteractionURIs" : [
    ]
  },
  {
    "platform" : "",
    "searchTime" : "2024-11-04T05:51:44.516Z[UTC]",
    "searchQuery" : "midd",
    "searchInteractionURIs" : [
    ]
  },
  {
    "platform" : "IPHONE",
    "searchTime" : "2024-11-04T05:51:44.795Z[UTC]",
    "searchQuery" : "middle",
    "searchInteractionURIs" : [
      "spotify:track:58HvfVOeJY7lUuCqF0m3ly"
    ]
  },
  {
    "platform" : "IPHONE",
    "searchTime" : "2024-11-04T05:51:50.068Z[UTC]",
    "searchQuery" : "aa",
    "searchInteractionURIs" : [
    ]
  },
  {
    "platform" : "IPHONE",
    "searchTime" : "2024-11-04T05:51:53.492Z[UTC]",
    "searchQuery" : "te",
    "searchInteractionURIs" : [
      "spotify:track:2Y1OQsdYcFNVetFejnGyAI"
    ]
  },
  {
    "platform" : "",
    "searchTime" : "2024-11-05T04:27:41.166Z[UTC]",
    "searchQuery" : "jacko",
    "searchInteractionURIs" : [
    ]
  },
  {
    "platform" : "",
    "searchTime" : "2024-11-05T04:27:41.210Z[UTC]",
    "searchQuery" : "jacko",
    "searchInteractionURIs" : [
    ]
  },
  {
    "platform" : "IPHONE",
    "searchTime" : "2024-11-05T04:27:41.739Z[UTC]",
    "searchQuery" : "jackson",
    "searchInteractionURIs" : [
      "spotify:track:0I3q5fE6wg7LIfHGngUTnV",
      "spotify:track:1OOtq8tRnDM8kG2gqUPjAj",
      "spotify:track:5ChkMS8OtdzJeqyybCc9R5"
    ]
  },
  {
    "platform" : "",
    "searchTime" : "2024-11-05T08:01:17.039Z[UTC]",
    "searchQuery" : "no ro",
    "searchInteractionURIs" : [
    ]
  },
  {
    "platform" : "",
    "searchTime" : "2024-11-05T08:01:17.125Z[UTC]",
    "searchQuery" : "no ro",
    "searchInteractionURIs" : [
    ]
  },
  {
    "platform" : "IPHONE",
    "searchTime" : "2024-11-05T08:01:17.906Z[UTC]",
    "searchQuery" : "no role",
    "searchInteractionURIs" : [
      "spotify:track:68Dni7IE4VyPkTOH9mRWHr"
    ]
  },
  {
    "platform" : "IPHONE",
    "searchTime" : "2024-11-06T02:18:20.146Z[UTC]",
    "searchQuery" : "ava",
    "searchInteractionURIs" : [
      "spotify:track:5i1ckaduJ5lMO5wRawsuMp"
    ]
  },
  {
    "platform" : "IPHONE",
    "searchTime" : "2024-11-06T02:18:24.110Z[UTC]",
    "searchQuery" : "weath",
    "searchInteractionURIs" : [
      "spotify:track:2QjOHCTQ1Jl3zawyYOpxh6"
    ]
  },
  {
    "platform" : "IPHONE",
    "searchTime" : "2024-11-06T02:31:31.698Z[UTC]",
    "searchQuery" : "eppu ",
    "searchInteractionURIs" : [
    ]
  },
  {
    "platform" : "",
    "searchTime" : "2024-11-06T02:31:33.135Z[UTC]",
    "searchQuery" : "ep",
    "searchInteractionURIs" : [
    ]
  },
  {
    "platform" : "",
    "searchTime" : "2024-11-06T02:31:33.186Z[UTC]",
    "searchQuery" : "ep",
    "searchInteractionURIs" : [
    ]
  },
  {
    "platform" : "",
    "searchTime" : "2024-11-06T02:31:33.232Z[UTC]",
    "searchQuery" : "e",
    "searchInteractionURIs" : [
    ]
  },
  {
    "platform" : "",
    "searchTime" : "2024-11-06T02:31:33.291Z[UTC]",
    "searchQuery" : "e",
    "searchInteractionURIs" : [
    ]
  },
  {
    "platform" : "IPHONE",
    "searchTime" : "2024-11-06T02:31:34.584Z[UTC]",
    "searchQuery" : "mandol",
    "searchInteractionURIs" : [
      "spotify:track:6q2nwqJGGPb0buGkJjMhZH",
      "spotify:track:5rNlFvPKJahVt4QR91Lliu"
    ]
  },
  {
    "platform" : "",
    "searchTime" : "2024-11-06T03:05:15.518Z[UTC]",
    "searchQuery" : "jcol",
    "searchInteractionURIs" : [
    ]
  },
  {
    "platform" : "",
    "searchTime" : "2024-11-06T03:05:15.574Z[UTC]",
    "searchQuery" : "jcol",
    "searchInteractionURIs" : [
    ]
  },
  {
    "platform" : "",
    "searchTime" : "2024-11-06T03:05:15.719Z[UTC]",
    "searchQuery" : "jcol",
    "searchInteractionURIs" : [
    ]
  },
  {
    "platform" : "",
    "searchTime" : "2024-11-06T03:05:15.754Z[UTC]",
    "searchQuery" : "jcol",
    "searchInteractionURIs" : [
    ]
  },
  {
    "platform" : "IPHONE_ARM64",
    "searchTime" : "2024-11-06T03:05:15.758Z[UTC]",
    "searchQuery" : "jc",
    "searchInteractionURIs" : [
    ]
  },
  {
    "platform" : "IPHONE",
    "searchTime" : "2024-11-06T03:05:16.020Z[UTC]",
    "searchQuery" : "jcole",
    "searchInteractionURIs" : [
      "spotify:track:4tqcoej1zPvwePZCzuAjJd",
      "spotify:track:68Dni7IE4VyPkTOH9mRWHr"
    ]
  },
  {
    "platform" : "IPHONE",
    "searchTime" : "2024-11-08T06:33:48.617Z[UTC]",
    "searchQuery" : "just a lit",
    "searchInteractionURIs" : [
      "spotify:track:5iJBSqkhsFSDyvcUxViHVW"
    ]
  },
  {
    "platform" : "IPHONE",
    "searchTime" : "2024-11-08T06:39:51.138Z[UTC]",
    "searchQuery" : "mo role",
    "searchInteractionURIs" : [
      "spotify:track:68Dni7IE4VyPkTOH9mRWHr"
    ]
  },
  {
    "platform" : "IPHONE",
    "searchTime" : "2024-11-08T06:39:55.032Z[UTC]",
    "searchQuery" : "war",
    "searchInteractionURIs" : [
      "spotify:track:49KTdYsWNtkvOslTpgZuM1"
    ]
  },
  {
    "platform" : "",
    "searchTime" : "2024-11-08T14:22:27.203Z[UTC]",
    "searchQuery" : "ep",
    "searchInteractionURIs" : [
    ]
  },
  {
    "platform" : "IPHONE",
    "searchTime" : "2024-11-08T14:22:27.933Z[UTC]",
    "searchQuery" : "eppu",
    "searchInteractionURIs" : [
      "spotify:track:0xDrDzFk6oZYfE8iwf0gIt",
      "spotify:track:1rV8BXAA1yGPpPzsnP1iyP",
      "spotify:track:1rV8BXAA1yGPpPzsnP1iyP"
    ]
  },
  {
    "platform" : "IPHONE",
    "searchTime" : "2024-11-09T10:13:18.484Z[UTC]",
    "searchQuery" : "right ab",
    "searchInteractionURIs" : [
      "spotify:track:1kMuU3TNQvHbqvXCWBodmP"
    ]
  },
  {
    "platform" : "IPHONE",
    "searchTime" : "2024-11-10T08:48:50.322Z[UTC]",
    "searchQuery" : "midd",
    "searchInteractionURIs" : [
      "spotify:track:2JvzF1RMd7lE3KmFlsyZD8"
    ]
  },
  {
    "platform" : "",
    "searchTime" : "2024-11-10T08:48:54.343Z[UTC]",
    "searchQuery" : "n ro",
    "searchInteractionURIs" : [
    ]
  },
  {
    "platform" : "",
    "searchTime" : "2024-11-10T08:48:54.376Z[UTC]",
    "searchQuery" : "n ro",
    "searchInteractionURIs" : [
    ]
  },
  {
    "platform" : "IPHONE",
    "searchTime" : "2024-11-10T08:48:54.998Z[UTC]",
    "searchQuery" : "n role",
    "searchInteractionURIs" : [
      "spotify:track:68Dni7IE4VyPkTOH9mRWHr"
    ]
  },
  {
    "platform" : "IPHONE",
    "searchTime" : "2024-11-10T11:41:37.657Z[UTC]",
    "searchQuery" : "the nights",
    "searchInteractionURIs" : [
      "spotify:track:0ct6r3EGTcMLPtrXHDvVjc"
    ]
  },
  {
    "platform" : "IPHONE",
    "searchTime" : "2024-11-10T20:34:31.459Z[UTC]",
    "searchQuery" : "juice",
    "searchInteractionURIs" : [
      "spotify:track:6JbP0ui7aazTg8LgWv6Elk",
      "spotify:track:2acxoDtSAjLIC1uVEJuYpB",
      "spotify:track:3wUFbew3kMTADcVQqErcDW",
      "spotify:track:3dUKvOvDeBOc5FdpREAnM6"
    ]
  },
  {
    "platform" : "IPHONE",
    "searchTime" : "2024-11-10T20:37:42.324Z[UTC]",
    "searchQuery" : "jcole",
    "searchInteractionURIs" : [
      "spotify:track:68Dni7IE4VyPkTOH9mRWHr",
      "spotify:track:2JvzF1RMd7lE3KmFlsyZD8"
    ]
  },
  {
    "platform" : "IPHONE",
    "searchTime" : "2024-11-10T20:38:14.560Z[UTC]",
    "searchQuery" : "no role",
    "searchInteractionURIs" : [
      "spotify:track:68Dni7IE4VyPkTOH9mRWHr"
    ]
  },
  {
    "platform" : "IPHONE",
    "searchTime" : "2024-11-10T20:41:14.696Z[UTC]",
    "searchQuery" : "you",
    "searchInteractionURIs" : [
      "spotify:track:1gAqEg0gMyxJrM4DOOaYEA"
    ]
  },
  {
    "platform" : "IPHONE",
    "searchTime" : "2024-11-10T20:41:23.574Z[UTC]",
    "searchQuery" : "no",
    "searchInteractionURIs" : [
      "spotify:track:68Dni7IE4VyPkTOH9mRWHr",
      "spotify:track:1tD1z5KaELIMNyQyCNdDNi"
    ]
  },
  {
    "platform" : "",
    "searchTime" : "2024-11-10T20:41:43.979Z[UTC]",
    "searchQuery" : "l",
    "searchInteractionURIs" : [
    ]
  },
  {
    "platform" : "",
    "searchTime" : "2024-11-10T20:41:43.985Z[UTC]",
    "searchQuery" : "li",
    "searchInteractionURIs" : [
    ]
  },
  {
    "platform" : "",
    "searchTime" : "2024-11-10T20:41:44.064Z[UTC]",
    "searchQuery" : "l",
    "searchInteractionURIs" : [
    ]
  },
  {
    "platform" : "",
    "searchTime" : "2024-11-10T20:41:44.067Z[UTC]",
    "searchQuery" : "li",
    "searchInteractionURIs" : [
    ]
  },
  {
    "platform" : "IPHONE",
    "searchTime" : "2024-11-10T20:41:45.203Z[UTC]",
    "searchQuery" : "life is",
    "searchInteractionURIs" : [
      "spotify:track:5gB2IrxOCX2j9bMnHKP38i"
    ]
  },
  {
    "platform" : "IPHONE",
    "searchTime" : "2024-11-10T21:14:44.708Z[UTC]",
    "searchQuery" : "andre",
    "searchInteractionURIs" : [
      "spotify:track:7u8VaxyRzg4ZTcUIrCfxDt",
      "spotify:track:7zrpoAJte9o12TzawqgdD0",
      "spotify:track:7zrpoAJte9o12TzawqgdD0"
    ]
  },
  {
    "platform" : "",
    "searchTime" : "2024-11-10T21:15:21.736Z[UTC]",
    "searchQuery" : "pop sm",
    "searchInteractionURIs" : [
    ]
  },
  {
    "platform" : "",
    "searchTime" : "2024-11-10T21:15:21.737Z[UTC]",
    "searchQuery" : "pop smoke",
    "searchInteractionURIs" : [
    ]
  },
  {
    "platform" : "",
    "searchTime" : "2024-11-10T21:15:21.739Z[UTC]",
    "searchQuery" : "pop smo",
    "searchInteractionURIs" : [
    ]
  },
  {
    "platform" : "",
    "searchTime" : "2024-11-10T21:15:21.740Z[UTC]",
    "searchQuery" : "pop smok",
    "searchInteractionURIs" : [
    ]
  },
  {
    "platform" : "",
    "searchTime" : "2024-11-10T21:15:21.749Z[UTC]",
    "searchQuery" : "pop smoke",
    "searchInteractionURIs" : [
    ]
  },
  {
    "platform" : "",
    "searchTime" : "2024-11-10T21:15:21.790Z[UTC]",
    "searchQuery" : "pop smoke",
    "searchInteractionURIs" : [
    ]
  },
  {
    "platform" : "",
    "searchTime" : "2024-11-10T21:15:21.794Z[UTC]",
    "searchQuery" : "pop smok",
    "searchInteractionURIs" : [
    ]
  },
  {
    "platform" : "",
    "searchTime" : "2024-11-10T21:15:21.809Z[UTC]",
    "searchQuery" : "pop smo",
    "searchInteractionURIs" : [
    ]
  },
  {
    "platform" : "",
    "searchTime" : "2024-11-10T21:15:21.846Z[UTC]",
    "searchQuery" : "pop sm",
    "searchInteractionURIs" : [
    ]
  },
  {
    "platform" : "IPHONE",
    "searchTime" : "2024-11-12T09:09:14.928Z[UTC]",
    "searchQuery" : "no tole",
    "searchInteractionURIs" : [
      "spotify:track:68Dni7IE4VyPkTOH9mRWHr",
      "spotify:track:2JvzF1RMd7lE3KmFlsyZD8"
    ]
  },
  {
    "platform" : "ANDROID",
    "searchTime" : "2024-11-14T20:49:12.936Z[UTC]",
    "searchQuery" : "denzel curry",
    "searchInteractionURIs" : [
      "spotify:artist:6fxyWrfmjcbj5d12gXeiNV"
    ]
  },
  {
    "platform" : "",
    "searchTime" : "2024-11-14T20:49:13.308Z[UTC]",
    "searchQuery" : "denze",
    "searchInteractionURIs" : [
    ]
  },
  {
    "platform" : "",
    "searchTime" : "2024-11-14T20:49:13.323Z[UTC]",
    "searchQuery" : "de",
    "searchInteractionURIs" : [
    ]
  },
  {
    "platform" : "",
    "searchTime" : "2024-11-14T20:49:13.343Z[UTC]",
    "searchQuery" : "denze",
    "searchInteractionURIs" : [
    ]
  },
  {
    "platform" : "",
    "searchTime" : "2024-11-14T20:49:13.397Z[UTC]",
    "searchQuery" : "de",
    "searchInteractionURIs" : [
    ]
  },
  {
    "platform" : "ANDROID_ARM",
    "searchTime" : "2024-11-14T20:49:13.554Z[UTC]",
    "searchQuery" : "d",
    "searchInteractionURIs" : [
    ]
  },
  {
    "platform" : "",
    "searchTime" : "2024-11-14T20:49:13.565Z[UTC]",
    "searchQuery" : "denz",
    "searchInteractionURIs" : [
    ]
  },
  {
    "platform" : "",
    "searchTime" : "2024-11-14T20:49:13.573Z[UTC]",
    "searchQuery" : "denzel",
    "searchInteractionURIs" : [
    ]
  },
  {
    "platform" : "",
    "searchTime" : "2024-11-14T20:49:13.574Z[UTC]",
    "searchQuery" : "den",
    "searchInteractionURIs" : [
    ]
  },
  {
    "platform" : "",
    "searchTime" : "2024-11-14T20:49:13.608Z[UTC]",
    "searchQuery" : "denz",
    "searchInteractionURIs" : [
    ]
  },
  {
    "platform" : "",
    "searchTime" : "2024-11-14T20:49:13.616Z[UTC]",
    "searchQuery" : "den",
    "searchInteractionURIs" : [
    ]
  },
  {
    "platform" : "",
    "searchTime" : "2024-11-14T20:49:13.619Z[UTC]",
    "searchQuery" : "denzel",
    "searchInteractionURIs" : [
    ]
  },
  {
    "platform" : "",
    "searchTime" : "2024-11-17T21:50:20.719Z[UTC]",
    "searchQuery" : "r",
    "searchInteractionURIs" : [
    ]
  },
  {
    "platform" : "",
    "searchTime" : "2024-11-17T21:50:20.797Z[UTC]",
    "searchQuery" : "r",
    "searchInteractionURIs" : [
    ]
  },
  {
    "platform" : "",
    "searchTime" : "2024-11-17T21:50:20.835Z[UTC]",
    "searchQuery" : "ro",
    "searchInteractionURIs" : [
    ]
  },
  {
    "platform" : "",
    "searchTime" : "2024-11-17T21:50:20.916Z[UTC]",
    "searchQuery" : "ro",
    "searchInteractionURIs" : [
    ]
  },
  {
    "platform" : "",
    "searchTime" : "2024-11-17T21:50:20.958Z[UTC]",
    "searchQuery" : "ros",
    "searchInteractionURIs" : [
    ]
  },
  {
    "platform" : "",
    "searchTime" : "2024-11-17T21:50:21.053Z[UTC]",
    "searchQuery" : "ros",
    "searchInteractionURIs" : [
    ]
  },
  {
    "platform" : "",
    "searchTime" : "2024-11-17T21:50:21.126Z[UTC]",
    "searchQuery" : "rosa",
    "searchInteractionURIs" : [
    ]
  },
  {
    "platform" : "",
    "searchTime" : "2024-11-17T21:50:21.189Z[UTC]",
    "searchQuery" : "rosa",
    "searchInteractionURIs" : [
    ]
  },
  {
    "platform" : "",
    "searchTime" : "2024-11-17T21:50:21.377Z[UTC]",
    "searchQuery" : "rosa ",
    "searchInteractionURIs" : [
    ]
  },
  {
    "platform" : "",
    "searchTime" : "2024-11-17T21:50:21.446Z[UTC]",
    "searchQuery" : "rosa ",
    "searchInteractionURIs" : [
    ]
  },
  {
    "platform" : "",
    "searchTime" : "2024-11-17T21:50:21.536Z[UTC]",
    "searchQuery" : "rosa l",
    "searchInteractionURIs" : [
    ]
  },
  {
    "platform" : "",
    "searchTime" : "2024-11-17T21:50:21.653Z[UTC]",
    "searchQuery" : "rosa l",
    "searchInteractionURIs" : [
    ]
  },
  {
    "platform" : "",
    "searchTime" : "2024-11-17T21:50:21.770Z[UTC]",
    "searchQuery" : "rosa li",
    "searchInteractionURIs" : [
    ]
  },
  {
    "platform" : "",
    "searchTime" : "2024-11-17T21:50:21.864Z[UTC]",
    "searchQuery" : "rosa li",
    "searchInteractionURIs" : [
    ]
  },
  {
    "platform" : "",
    "searchTime" : "2024-11-17T21:50:22.005Z[UTC]",
    "searchQuery" : "rosa lin",
    "searchInteractionURIs" : [
    ]
  },
  {
    "platform" : "",
    "searchTime" : "2024-11-17T21:50:22.090Z[UTC]",
    "searchQuery" : "rosa linn",
    "searchInteractionURIs" : [
    ]
  },
  {
    "platform" : "",
    "searchTime" : "2024-11-17T21:50:22.103Z[UTC]",
    "searchQuery" : "rosa lin",
    "searchInteractionURIs" : [
    ]
  },
  {
    "platform" : "",
    "searchTime" : "2024-11-17T21:50:22.154Z[UTC]",
    "searchQuery" : "rosa linn",
    "searchInteractionURIs" : [
    ]
  },
  {
    "platform" : "IPHONE",
    "searchTime" : "2024-11-19T13:39:40.498Z[UTC]",
    "searchQuery" : "ava",
    "searchInteractionURIs" : [
      "spotify:track:5i1ckaduJ5lMO5wRawsuMp"
    ]
  },
  {
    "platform" : "IPHONE",
    "searchTime" : "2024-11-19T13:43:55.591Z[UTC]",
    "searchQuery" : "home",
    "searchInteractionURIs" : [
      "spotify:track:0cBPuDA3xUjR4Vh9o7CKy8"
    ]
  },
  {
    "platform" : "IPHONE",
    "searchTime" : "2024-11-19T13:44:06.708Z[UTC]",
    "searchQuery" : "stolen",
    "searchInteractionURIs" : [
      "spotify:track:34xGLuxM0rkxhCVyMSqwJO"
    ]
  },
  {
    "platform" : "IPHONE",
    "searchTime" : "2024-11-20T09:24:01.185Z[UTC]",
    "searchQuery" : "middl",
    "searchInteractionURIs" : [
      "spotify:track:2JvzF1RMd7lE3KmFlsyZD8",
      "spotify:track:58HvfVOeJY7lUuCqF0m3ly"
    ]
  },
  {
    "platform" : "IPHONE_ARM64",
    "searchTime" : "2024-11-21T12:27:13.581Z[UTC]",
    "searchQuery" : "jcol",
    "searchInteractionURIs" : [
    ]
  },
  {
    "platform" : "IPHONE",
    "searchTime" : "2024-11-21T12:27:13.614Z[UTC]",
    "searchQuery" : "jcole",
    "searchInteractionURIs" : [
      "spotify:track:2JvzF1RMd7lE3KmFlsyZD8",
      "spotify:track:68Dni7IE4VyPkTOH9mRWHr",
      "spotify:track:4tqcoej1zPvwePZCzuAjJd"
    ]
  },
  {
    "platform" : "IPHONE",
    "searchTime" : "2024-11-23T17:05:18.736Z[UTC]",
    "searchQuery" : "jcol",
    "searchInteractionURIs" : [
      "spotify:track:2JvzF1RMd7lE3KmFlsyZD8",
      "spotify:track:68Dni7IE4VyPkTOH9mRWHr",
      "spotify:track:4tqcoej1zPvwePZCzuAjJd"
    ]
  },
  {
    "platform" : "",
    "searchTime" : "2024-11-23T20:15:08.264Z[UTC]",
    "searchQuery" : "no ",
    "searchInteractionURIs" : [
    ]
  },
  {
    "platform" : "",
    "searchTime" : "2024-11-23T20:15:08.289Z[UTC]",
    "searchQuery" : "no rol",
    "searchInteractionURIs" : [
    ]
  },
  {
    "platform" : "",
    "searchTime" : "2024-11-23T20:15:08.302Z[UTC]",
    "searchQuery" : "no ro",
    "searchInteractionURIs" : [
    ]
  },
  {
    "platform" : "",
    "searchTime" : "2024-11-23T20:15:08.341Z[UTC]",
    "searchQuery" : "no ",
    "searchInteractionURIs" : [
    ]
  },
  {
    "platform" : "",
    "searchTime" : "2024-11-23T20:15:08.343Z[UTC]",
    "searchQuery" : "no rol",
    "searchInteractionURIs" : [
    ]
  },
  {
    "platform" : "",
    "searchTime" : "2024-11-23T20:15:08.398Z[UTC]",
    "searchQuery" : "no ro",
    "searchInteractionURIs" : [
    ]
  },
  {
    "platform" : "IPHONE_ARM64",
    "searchTime" : "2024-11-23T20:15:08.436Z[UTC]",
    "searchQuery" : "n",
    "searchInteractionURIs" : [
    ]
  },
  {
    "platform" : "IPHONE",
    "searchTime" : "2024-11-23T20:15:08.607Z[UTC]",
    "searchQuery" : "no role",
    "searchInteractionURIs" : [
      "spotify:track:68Dni7IE4VyPkTOH9mRWHr"
    ]
  },
  {
    "platform" : "ANDROID",
    "searchTime" : "2024-11-24T00:58:26.473Z[UTC]",
    "searchQuery" : "littl",
    "searchInteractionURIs" : [
      "spotify:track:2ihCaVdNZmnHZWt0fvAM7B"
    ]
  },
  {
    "platform" : "",
    "searchTime" : "2024-11-24T00:58:27.732Z[UTC]",
    "searchQuery" : "li",
    "searchInteractionURIs" : [
    ]
  },
  {
    "platform" : "",
    "searchTime" : "2024-11-24T00:58:27.733Z[UTC]",
    "searchQuery" : "l",
    "searchInteractionURIs" : [
    ]
  },
  {
    "platform" : "",
    "searchTime" : "2024-11-24T00:58:27.739Z[UTC]",
    "searchQuery" : "lit",
    "searchInteractionURIs" : [
    ]
  },
  {
    "platform" : "",
    "searchTime" : "2024-11-24T00:58:27.794Z[UTC]",
    "searchQuery" : "l",
    "searchInteractionURIs" : [
    ]
  },
  {
    "platform" : "",
    "searchTime" : "2024-11-24T00:58:27.795Z[UTC]",
    "searchQuery" : "lit",
    "searchInteractionURIs" : [
    ]
  },
  {
    "platform" : "",
    "searchTime" : "2024-11-24T00:58:27.809Z[UTC]",
    "searchQuery" : "li",
    "searchInteractionURIs" : [
    ]
  },
  {
    "platform" : "IPHONE",
    "searchTime" : "2024-11-27T08:53:31.103Z[UTC]",
    "searchQuery" : "my eye",
    "searchInteractionURIs" : [
      "spotify:track:4kjI1gwQZRKNDkw1nI475M"
    ]
  },
  {
    "platform" : "IPHONE",
    "searchTime" : "2024-11-27T10:00:48.045Z[UTC]",
    "searchQuery" : "eyes",
    "searchInteractionURIs" : [
      "spotify:track:4kjI1gwQZRKNDkw1nI475M"
    ]
  },
  {
    "platform" : "",
    "searchTime" : "2024-11-30T19:09:17.812Z[UTC]",
    "searchQuery" : "no r",
    "searchInteractionURIs" : [
    ]
  },
  {
    "platform" : "",
    "searchTime" : "2024-11-30T19:09:17.905Z[UTC]",
    "searchQuery" : "no r",
    "searchInteractionURIs" : [
    ]
  },
  {
    "platform" : "IPHONE",
    "searchTime" : "2024-11-30T19:09:18.407Z[UTC]",
    "searchQuery" : "no role",
    "searchInteractionURIs" : [
      "spotify:track:68Dni7IE4VyPkTOH9mRWHr"
    ]
  },
  {
    "platform" : "IPHONE",
    "searchTime" : "2024-12-04T11:37:08.636Z[UTC]",
    "searchQuery" : "war",
    "searchInteractionURIs" : [
      "spotify:track:49KTdYsWNtkvOslTpgZuM1"
    ]
  },
  {
    "platform" : "IPHONE",
    "searchTime" : "2024-12-06T18:44:15.364Z[UTC]",
    "searchQuery" : "joe ro",
    "searchInteractionURIs" : [
      "spotify:show:4rOoJ6Egrf8K2IrywzwOMk"
    ]
  },
  {
    "platform" : "IPHONE",
    "searchTime" : "2024-12-06T18:44:53.419Z[UTC]",
    "searchQuery" : "higherupwell",
    "searchInteractionURIs" : [
      "spotify:show:1gVshwQYETZFObSi1CJaJk"
    ]
  },
  {
    "platform" : "",
    "searchTime" : "2024-12-06T19:52:40.720Z[UTC]",
    "searchQuery" : "sh",
    "searchInteractionURIs" : [
    ]
  },
  {
    "platform" : "",
    "searchTime" : "2024-12-06T19:52:40.725Z[UTC]",
    "searchQuery" : "sha",
    "searchInteractionURIs" : [
    ]
  },
  {
    "platform" : "",
    "searchTime" : "2024-12-06T19:52:40.786Z[UTC]",
    "searchQuery" : "sh",
    "searchInteractionURIs" : [
    ]
  },
  {
    "platform" : "",
    "searchTime" : "2024-12-06T19:52:40.796Z[UTC]",
    "searchQuery" : "sha",
    "searchInteractionURIs" : [
    ]
  },
  {
    "platform" : "IPHONE",
    "searchTime" : "2024-12-06T19:52:41.319Z[UTC]",
    "searchQuery" : "shaggy",
    "searchInteractionURIs" : [
      "spotify:track:7FDV5ELOJHCGLe52AnttEd"
    ]
  },
  {
    "platform" : "IPHONE",
    "searchTime" : "2024-12-07T21:44:01.163Z[UTC]",
    "searchQuery" : "kari tapio",
    "searchInteractionURIs" : [
    ]
  },
  {
    "platform" : "",
    "searchTime" : "2024-12-07T21:44:10.994Z[UTC]",
    "searchQuery" : "ka",
    "searchInteractionURIs" : [
    ]
  },
  {
    "platform" : "",
    "searchTime" : "2024-12-07T21:44:11.089Z[UTC]",
    "searchQuery" : "ka",
    "searchInteractionURIs" : [
    ]
  },
  {
    "platform" : "",
    "searchTime" : "2024-12-07T21:44:11.328Z[UTC]",
    "searchQuery" : "kaks",
    "searchInteractionURIs" : [
    ]
  },
  {
    "platform" : "",
    "searchTime" : "2024-12-07T21:44:11.380Z[UTC]",
    "searchQuery" : "kaks",
    "searchInteractionURIs" : [
    ]
  },
  {
    "platform" : "",
    "searchTime" : "2024-12-07T21:44:13.587Z[UTC]",
    "searchQuery" : "kak",
    "searchInteractionURIs" : [
    ]
  },
  {
    "platform" : "",
    "searchTime" : "2024-12-07T21:44:13.649Z[UTC]",
    "searchQuery" : "kak",
    "searchInteractionURIs" : [
    ]
  },
  {
    "platform" : "",
    "searchTime" : "2024-12-07T21:44:13.690Z[UTC]",
    "searchQuery" : "ka",
    "searchInteractionURIs" : [
    ]
  },
  {
    "platform" : "",
    "searchTime" : "2024-12-07T21:44:13.766Z[UTC]",
    "searchQuery" : "ka",
    "searchInteractionURIs" : [
    ]
  },
  {
    "platform" : "",
    "searchTime" : "2024-12-07T21:44:13.788Z[UTC]",
    "searchQuery" : "k",
    "searchInteractionURIs" : [
    ]
  },
  {
    "platform" : "",
    "searchTime" : "2024-12-07T21:44:13.857Z[UTC]",
    "searchQuery" : "k",
    "searchInteractionURIs" : [
    ]
  },
  {
    "platform" : "IPHONE",
    "searchTime" : "2024-12-07T21:44:17.091Z[UTC]",
    "searchQuery" : "juha tapio",
    "searchInteractionURIs" : [
      "spotify:track:1tdykGgItwQyqlMgM2MNbJ",
      "spotify:track:6TtwLAz0ScACjzE02HTzkx"
    ]
  },
  {
    "platform" : "IPHONE",
    "searchTime" : "2024-12-08T12:41:46.109Z[UTC]",
    "searchQuery" : "joulu",
    "searchInteractionURIs" : [
      "spotify:search:joululaulut"
    ]
  },
  {
    "platform" : "IPHONE",
    "searchTime" : "2024-12-08T12:41:48.718Z[UTC]",
    "searchQuery" : "joululaulut",
    "searchInteractionURIs" : [
      "spotify:playlist:37i9dQZF1DX4AAXJ0dG4AV",
      "spotify:playlist:4KqS8VfieYnh4JvQWuhLb2",
      "spotify:track:1K0ZirzQ9KtHAKOLB5efXs"
    ]
  },
  {
    "platform" : "IPHONE_ARM64",
    "searchTime" : "2024-12-11T11:37:40.647Z[UTC]",
    "searchQuery" : "no rol",
    "searchInteractionURIs" : [
    ]
  },
  {
    "platform" : "IPHONE",
    "searchTime" : "2024-12-11T11:37:40.712Z[UTC]",
    "searchQuery" : "no role",
    "searchInteractionURIs" : [
      "spotify:track:68Dni7IE4VyPkTOH9mRWHr",
      "spotify:track:4EWCNWgDS8707fNSZ1oaA5"
    ]
  },
  {
    "platform" : "",
    "searchTime" : "2024-12-11T11:48:32.453Z[UTC]",
    "searchQuery" : "no role",
    "searchInteractionURIs" : [
    ]
  },
  {
    "platform" : "",
    "searchTime" : "2024-12-11T11:48:32.515Z[UTC]",
    "searchQuery" : "no role",
    "searchInteractionURIs" : [
    ]
  },
  {
    "platform" : "",
    "searchTime" : "2024-12-11T21:12:30.563Z[UTC]",
    "searchQuery" : "is",
    "searchInteractionURIs" : [
    ]
  },
  {
    "platform" : "",
    "searchTime" : "2024-12-11T21:12:30.641Z[UTC]",
    "searchQuery" : "is",
    "searchInteractionURIs" : [
    ]
  },
  {
    "platform" : "IPHONE",
    "searchTime" : "2024-12-11T21:12:31.373Z[UTC]",
    "searchQuery" : "iskelmä",
    "searchInteractionURIs" : [
      "spotify:playlist:3pQGcvHtsOPF7qhtLcF5Ic"
    ]
  },
  {
    "platform" : "",
    "searchTime" : "2024-12-12T08:33:50.859Z[UTC]",
    "searchQuery" : "jcol",
    "searchInteractionURIs" : [
    ]
  },
  {
    "platform" : "",
    "searchTime" : "2024-12-12T08:33:50.910Z[UTC]",
    "searchQuery" : "jcol",
    "searchInteractionURIs" : [
    ]
  },
  {
    "platform" : "IPHONE",
    "searchTime" : "2024-12-12T08:33:51.157Z[UTC]",
    "searchQuery" : "jcole",
    "searchInteractionURIs" : [
      "spotify:track:4tqcoej1zPvwePZCzuAjJd",
      "spotify:track:2JvzF1RMd7lE3KmFlsyZD8"
    ]
  },
  {
    "platform" : "IPHONE",
    "searchTime" : "2024-12-12T11:34:14.770Z[UTC]",
    "searchQuery" : "hiphop",
    "searchInteractionURIs" : [
      "spotify:playlist:37i9dQZF1EIdZFdTlGR1gX"
    ]
  },
  {
    "platform" : "IPHONE",
    "searchTime" : "2024-12-13T09:02:54.938Z[UTC]",
    "searchQuery" : "no r",
    "searchInteractionURIs" : [
      "spotify:track:68Dni7IE4VyPkTOH9mRWHr"
    ]
  },
  {
    "platform" : "IPHONE",
    "searchTime" : "2024-12-14T14:05:34.012Z[UTC]",
    "searchQuery" : "follow",
    "searchInteractionURIs" : [
      "spotify:track:2QpGZOhTCHHiKmpSO9FW4h"
    ]
  }
]