[
  {
    "endTime" : "2023-12-29 01:20",
    "podcastName" : "The Joe Rogan Experience",
    "episodeName" : "#2080 - John Reeves",
    "msPlayed" : 16418
  },
  {
    "endTime" : "2023-12-29 02:40",
    "podcastName" : "The Joe Rogan Experience",
    "episodeName" : "#2078 - Duncan Trussell",
    "msPlayed" : 4568701
  },
  {
    "endTime" : "2023-12-29 02:50",
    "podcastName" : "The Joe Rogan Experience",
    "episodeName" : "#2079 - Brigham Buhler",
    "msPlayed" : 0
  },
  {
    "endTime" : "2024-02-08 13:17",
    "podcastName" : "The Basement Yard",
    "episodeName" : "#436 - The Pope Said It's Okay!",
    "msPlayed" : 1702
  },
  {
    "endTime" : "2024-02-08 13:17",
    "podcastName" : "The Basement Yard",
    "episodeName" : "#435 - Live From The Tunnels",
    "msPlayed" : 12530
  },
  {
    "endTime" : "2024-02-08 13:43",
    "podcastName" : "The Basement Yard",
    "episodeName" : "#436 - The Pope Said It's Okay!",
    "msPlayed" : 1587377
  },
  {
    "endTime" : "2024-02-19 02:27",
    "podcastName" : "The Joe Rogan Experience",
    "episodeName" : "#2100 - Cameron Hanes & Steven Rinella",
    "msPlayed" : 3793583
  },
  {
    "endTime" : "2024-02-20 02:01",
    "podcastName" : "The Joe Rogan Experience",
    "episodeName" : "#2100 - Cameron Hanes & Steven Rinella",
    "msPlayed" : 13412
  },
  {
    "endTime" : "2024-02-20 04:40",
    "podcastName" : "The Joe Rogan Experience",
    "episodeName" : "#2089 - Joey Diaz",
    "msPlayed" : 9582806
  },
  {
    "endTime" : "2024-02-20 04:50",
    "podcastName" : "The Joe Rogan Experience",
    "episodeName" : "Fight Companion - January 20, 2024",
    "msPlayed" : 0
  },
  {
    "endTime" : "2024-02-20 09:34",
    "podcastName" : "The Joe Rogan Experience",
    "episodeName" : "#2090 - Bobby Lee",
    "msPlayed" : 17663
  },
  {
    "endTime" : "2024-02-20 09:35",
    "podcastName" : "The Joe Rogan Experience",
    "episodeName" : "#2090 - Bobby Lee",
    "msPlayed" : 11769
  },
  {
    "endTime" : "2024-05-21 10:27",
    "podcastName" : "The Joe Rogan Experience",
    "episodeName" : "#2151 - Rizwan Virk",
    "msPlayed" : 2947310
  },
  {
    "endTime" : "2024-06-09 19:55",
    "podcastName" : "The Joe Rogan Experience",
    "episodeName" : "#2157 - Duncan Trussell",
    "msPlayed" : 1865525
  },
  {
    "endTime" : "2024-06-10 00:00",
    "podcastName" : "The Joe Rogan Experience",
    "episodeName" : "#2157 - Duncan Trussell",
    "msPlayed" : 3188855
  },
  {
    "endTime" : "2024-06-16 09:09",
    "podcastName" : "The Joe Rogan Experience",
    "episodeName" : "#1080 - David Goggins",
    "msPlayed" : 2641168
  },
  {
    "endTime" : "2024-06-17 09:10",
    "podcastName" : "The Basement Yard",
    "episodeName" : "#187 - What's Your Superpower?",
    "msPlayed" : 3636616
  },
  {
    "endTime" : "2024-12-06 19:52",
    "podcastName" : "The HigherUp Podcast",
    "episodeName" : "5 Skills I Developed That Changed My Life | The HigherUp Podcast Ep. 35 ",
    "msPlayed" : 574760
  },
  {
    "endTime" : "2024-12-06 19:52",
    "podcastName" : "The HigherUp Podcast",
    "episodeName" : "5 Skills I Developed That Changed My Life | The HigherUp Podcast Ep. 35 ",
    "msPlayed" : 2330
  }
]